question_title,question_url,username,user_profile_url,votes,answers,views
Backup a Postgres's schema and upload into s3 using python-aws glue,/questions/78448056/backup-a-postgress-schema-and-upload-into-s3-using-python-aws-glue,ista120,/users/13285387/ista120,0,0,2
Exporting large datasets from RDS to S3 on a schedule?,/questions/78448016/exporting-large-datasets-from-rds-to-s3-on-a-schedule,kenshin9,/users/4927864/kenshin9,0,0,3
Can we use single NAT gateway for inbound access to RDS and Opensearch resources in private subnet?,/questions/78447896/can-we-use-single-nat-gateway-for-inbound-access-to-rds-and-opensearch-resources,MiGo,/users/6329331/migo,0,1,5
AWS Neptune Cluster connection is successful when signing the request using access key for a non -IAM cluster endpoint,/questions/78447695/aws-neptune-cluster-connection-is-successful-when-signing-the-request-using-acce,dishabehrani77,/users/23549963/dishabehrani77,0,0,4
How to connect an ECS instance to a RDS database on the same VPC with Terraform?,/questions/78447627/how-to-connect-an-ecs-instance-to-a-rds-database-on-the-same-vpc-with-terraform,gagiuntoli,/users/7539010/gagiuntoli,-1,1,21
Integrating NATS with AWS IoT core,/questions/78447626/integrating-nats-with-aws-iot-core,Ben Basil,/users/20195725/ben-basil,0,0,5
Is there anyway we can make communication happen between pods running in AKS with RDS in azure?,/questions/78447622/is-there-anyway-we-can-make-communication-happen-between-pods-running-in-aks-wit,Prajwal Adhikari,/users/24931549/prajwal-adhikari,0,0,9
Add variable list of environment variables to Lambda with Cloudformation,/questions/78447594/add-variable-list-of-environment-variables-to-lambda-with-cloudformation,Omega,/users/10938315/omega,0,0,9
AWS RDS DB Connection not restarting,/questions/78447572/aws-rds-db-connection-not-restarting,Satyam Pandey,/users/24930949/satyam-pandey,0,0,7
Docx4j error while running in AWS lambda, It works fine in local machine,/questions/78447398/docx4j-error-while-running-in-aws-lambda-it-works-fine-in-local-machine,Akhildas Mp,/users/24930845/akhildas-mp,0,0,7
AWS CDK Pipelines - AttributeError: module 'aws_cdk.pipelines' has no attribute 'add_stage',/questions/78447356/aws-cdk-pipelines-attributeerror-module-aws-cdk-pipelines-has-no-attribute,Acire,/users/9025559/acire,0,0,6
Can I create a S3 bucket using AWS SAM, upload a file to it and read it using a python script,/questions/78447315/can-i-create-a-s3-bucket-using-aws-sam-upload-a-file-to-it-and-read-it-using-a,Hansamal,/users/12083509/hansamal,0,1,7
Memory leaks in @aws-sdk/client-s3 Node JS,/questions/78447096/memory-leaks-in-aws-sdk-client-s3-node-js,Ashraf Lobo,/users/4631596/ashraf-lobo,0,0,13
How to Enable Logging in Rails Application with OpenSearch and Searchkick Integration?,/questions/78446956/how-to-enable-logging-in-rails-application-with-opensearch-and-searchkick-integr,Khoa Nguyen,/users/19609824/khoa-nguyen,0,0,6
S3 bucket images are getting broken on server but not on local on ReactJS App,/questions/78446950/s3-bucket-images-are-getting-broken-on-server-but-not-on-local-on-reactjs-app,Saurabh Shukla,/users/24592442/saurabh-shukla,0,0,6
NewStateReason is different for cloudwatch alarms created via terraform,/questions/78446664/newstatereason-is-different-for-cloudwatch-alarms-created-via-terraform,x89,/users/12304000/x89,0,0,9
AWS Patch manager applies wrong OS patches,/questions/78446545/aws-patch-manager-applies-wrong-os-patches,Karen Kostanyan,/users/22423666/karen-kostanyan,0,0,5
AWS lamda-Unzipped size must be smaller than 262144000 bytes,/questions/78446483/aws-lamda-unzipped-size-must-be-smaller-than-262144000-bytes,sKarwasra,/users/21731993/skarwasra,0,0,8
AWS Batch Amazon SQS and ECS SpringBoot,/questions/78446467/aws-batch-amazon-sqs-and-ecs-springboot,Richard,/users/6561309/richard,0,0,16
mountpoint-s3 change region,/questions/78446395/mountpoint-s3-change-region,Coder,/users/840821/coder,0,0,7
ERROR o.a.j.p.h.c.HC4CookieHandler: Unable to add the cookie error in Jmeter,/questions/78446378/error-o-a-j-p-h-c-hc4cookiehandler-unable-to-add-the-cookie-error-in-jmeter,DDW,/users/21026267/ddw,-1,0,5
I can query Athena in AWS console, but failed via Python,/questions/78446299/i-can-query-athena-in-aws-console-but-failed-via-python,TripleH,/users/5500634/tripleh,0,0,7
Is there a way by which pcie devices can tell the host/OS that they support D3 power management state or not,/questions/78446249/is-there-a-way-by-which-pcie-devices-can-tell-the-host-os-that-they-support-d3-p,AmruthaAnika Yadu,/users/24926439/amruthaanika-yadu,0,0,5
AWS CodeDeploy with Bitbucket pipe line,/questions/78446106/aws-codedeploy-with-bitbucket-pipe-line,Chathuran D,/users/7888956/chathuran-d,0,0,5
Getting an error when using @middy/http-cors middleware having dynamic origin,/questions/78446098/getting-an-error-when-using-middy-http-cors-middleware-having-dynamic-origin,Nayan Patel,/users/4079716/nayan-patel,0,0,8
AWS Appsync Subscription [closed],/questions/78445941/aws-appsync-subscription,Vibhor Khurana,/users/24924990/vibhor-khurana,-3,0,6
Docker Image Build and Push Fails When Executed via Terraform on AWS ECR,/questions/78445916/docker-image-build-and-push-fails-when-executed-via-terraform-on-aws-ecr,LLM_Enthusiast,/users/23270209/llm-enthusiast,0,0,14
Why does my Lambda function fail to connect with my RDS instance given the following Pulumi setup script?,/questions/78445769/why-does-my-lambda-function-fail-to-connect-with-my-rds-instance-given-the-follo,Patrick James McKeever III,/users/24070308/patrick-james-mckeever-iii,0,0,7
How to deal with SQS messages older than the max visibility timeout (12 hours)?,/questions/78445646/how-to-deal-with-sqs-messages-older-than-the-max-visibility-timeout-12-hours,WWH,/users/1209755/wwh,0,0,10
AWS Elastic Serverless Forwarder: Can we add additional custom fields to the forwarder?,/questions/78445457/aws-elastic-serverless-forwarder-can-we-add-additional-custom-fields-to-the-for,Raza,/users/1571019/raza,0,0,6
AWS: Binding CDK Alarms with Powertools metrics,/questions/78445352/aws-binding-cdk-alarms-with-powertools-metrics,Dreessan,/users/20826051/dreessan,0,0,5
CognitoIdentityCredentials is not authorized to perform: execute-api:Invoke on resource,/questions/78445338/cognitoidentitycredentials-is-not-authorized-to-perform-execute-apiinvoke-on-r,Orl13,/users/15481917/orl13,0,0,5
Creating an API Gateway endpoint with a stage variable using a Lambda.Function.lambda_from_arn in AWS CDK doesn't work,/questions/78445291/creating-an-api-gateway-endpoint-with-a-stage-variable-using-a-lambda-function-l,Tomás Santos,/users/22459864/tom%c3%a1s-santos,0,0,15
generate a pdf file directly in cloud storage 'cloudinary' by nodeJS [closed],/questions/78444914/generate-a-pdf-file-directly-in-cloud-storage-cloudinary-by-nodejs,youssef chaoulid,/users/15809634/youssef-chaoulid,-2,0,19
Boosting a field in an OpenSearch Python query without ^,/questions/78444896/boosting-a-field-in-an-opensearch-python-query-without,10110,/users/4750980/10110,0,0,4
gitlab runners on fargate,/questions/78444810/gitlab-runners-on-fargate,user973347,/users/973347/user973347,0,0,20
AWS Java SDK 2 (putObject) + MinIO: The authorization mechanism you have provided is not supported. Please use AWS4-HMAC-SHA256,/questions/78444784/aws-java-sdk-2-putobject-minio-the-authorization-mechanism-you-have-provide,nik0x1,/users/17547033/nik0x1,0,0,11
AWS EC2 instance not able to register itself in GitHub as a new self-hosted runner,/questions/78444779/aws-ec2-instance-not-able-to-register-itself-in-github-as-a-new-self-hosted-runn,Navidk,/users/10237558/navidk,0,0,23
Allowing other users to access web apps through browser on my PC with AWS Client VPN,/questions/78444730/allowing-other-users-to-access-web-apps-through-browser-on-my-pc-with-aws-client,aCarella,/users/2664815/acarella,0,0,4
NotImplemented: A header you provided implies functionality that is not implemented - AWS S3 DELETE Request Rejected Every Time,/questions/78444724/notimplemented-a-header-you-provided-implies-functionality-that-is-not-implemen,Christopher Gabba,/users/22390216/christopher-gabba,-1,0,8
Best way to do begins_with query on partition key and sort key on dynamodb,/questions/78444539/best-way-to-do-begins-with-query-on-partition-key-and-sort-key-on-dynamodb,tiga05,/users/5497521/tiga05,0,0,14
How to set up Poetry/Conda virtual environment with AWS Neuron,/questions/78444450/how-to-set-up-poetry-conda-virtual-environment-with-aws-neuron,David2718,/users/12555996/david2718,0,0,5
Is it possible to connect an AWS WebSocket API to Webflow using Socket.io?,/questions/78444388/is-it-possible-to-connect-an-aws-websocket-api-to-webflow-using-socket-io,BugWarrior,/users/12820931/bugwarrior,-1,1,19
Customize nginx behavior differently for each path in the Nginx Ingress http rule,/questions/78444248/customize-nginx-behavior-differently-for-each-path-in-the-nginx-ingress-http-rul,Bertone,/users/1134337/bertone,0,0,7
React Native fetching works with localhost but not with IP | MongoDB | AWS EC2,/questions/78444242/react-native-fetching-works-with-localhost-but-not-with-ip-mongodb-aws-ec2,L S,/users/20829193/l-s,0,0,19
Moving SUM analytic function from PostgreSQL to Redshift with RANGE window frame clause,/questions/78444005/moving-sum-analytic-function-from-postgresql-to-redshift-with-range-window-frame,Vitalii Levchenko,/users/24638743/vitalii-levchenko,0,2,20
Oracle RDS connectivity from AWS lambda using Java [closed],/questions/78443676/oracle-rds-connectivity-from-aws-lambda-using-java,Ravi Kukreja,/users/5124787/ravi-kukreja,-3,0,16
Boto3 dynamoDB query date range,/questions/78443647/boto3-dynamodb-query-date-range,Toby,/users/3690829/toby,0,1,11
POSTing JSON objects to server does not work on specific networks, and times out instead,/questions/78443601/posting-json-objects-to-server-does-not-work-on-specific-networks-and-times-out,John Mulholland,/users/24917183/john-mulholland,1,1,15
Custom HTTP response codes in AWS Lambda custom runtime with function URLs,/questions/78443309/custom-http-response-codes-in-aws-lambda-custom-runtime-with-function-urls,Bijou Trouvaille,/users/375570/bijou-trouvaille,0,0,17
0.0,0.0,0.0,0.0,0.0,0.0,0.0
Airflow DAG Throws Random Error: Temporary failure in name resolution,/questions/78443260/airflow-dag-throws-random-error-temporary-failure-in-name-resolution,Aidan O Reilly,/users/20538880/aidan-o-reilly,0,0,14
Enabling Lambda Insights on Containerized Function,/questions/78443209/enabling-lambda-insights-on-containerized-function,sydney,/users/5132728/sydney,0,0,11
Can't get polars to read hive layout parquet files from S3 404 Not found,/questions/78443129/cant-get-polars-to-read-hive-layout-parquet-files-from-s3-404-not-found,Philip Couling,/users/453851/philip-couling,0,1,20
AWS SES cant send email to anyone,/questions/78442958/aws-ses-cant-send-email-to-anyone,ATHUL SURESH,/users/21390037/athul-suresh,0,0,16
The Aurora RDS autoscaling feature is not functioning correctly,/questions/78442607/the-aurora-rds-autoscaling-feature-is-not-functioning-correctly,Ercan Koc,/users/4653622/ercan-koc,0,0,10
How to auto stop sagemaker notebooks,/questions/78442543/how-to-auto-stop-sagemaker-notebooks,suggula saikrishna,/users/24914151/suggula-saikrishna,0,1,12
Pulumi/Terraform refresh of aws elasticache:ReplicationGroup takes 30s each time,/questions/78442470/pulumi-terraform-refresh-of-aws-elasticachereplicationgroup-takes-30s-each-time,user24397101,/users/24397101/user24397101,0,0,3
Can anyone give me opinions on which direction to go with for the backend server? [closed],/questions/78442435/can-anyone-give-me-opinions-on-which-direction-to-go-with-for-the-backend-server,Enthusiast Coder,/users/9636279/enthusiast-coder,0,0,22
(blocked:mixed-content) from cloudfront to ec2,/questions/78442409/blockedmixed-content-from-cloudfront-to-ec2,Talha Hammad,/users/24705829/talha-hammad,0,0,9
when i am trying to deploy application on argocd and i am getting pod running but after sometime it showing error. so collect log of pod [closed],/questions/78442281/when-i-am-trying-to-deploy-application-on-argocd-and-i-am-getting-pod-running-bu,Ramrekha Yadav,/users/24913388/ramrekha-yadav,0,0,15
Service returned error code AccessDeniedException (Service: Lambda, Status Code: 403),/questions/78442101/service-returned-error-code-accessdeniedexception-service-lambda-status-code,Hamza Kamran,/users/21623766/hamza-kamran,0,1,24
how to add email sending port to the security group in AWS ec2 instance,/questions/78442026/how-to-add-email-sending-port-to-the-security-group-in-aws-ec2-instance,Ahmed Wagdi,/users/9494140/ahmed-wagdi,0,0,10
Import statements are "hiding" my js functions, What am I doing wrong? [duplicate],/questions/78442021/import-statements-are-hiding-my-js-functions-what-am-i-doing-wrong,Martijn Van Der Linden,/users/12979918/martijn-van-der-linden,0,0,19
Amazon Route53 HTTPS DNS Record support,/questions/78442006/amazon-route53-https-dns-record-support,khakiout,/users/3176651/khakiout,0,0,10
s3 boto3 client can not set custom metedata,/questions/78441930/s3-boto3-client-can-not-set-custom-metedata,Jiale Liu,/users/24912106/jiale-liu,0,0,7
Debug high cpu load on Node.js service,/questions/78441927/debug-high-cpu-load-on-node-js-service,Mascarpone,/users/269931/mascarpone,0,0,12
Creating Cognito UserPool users fails with Pulumi albeit successful with AWSSDK,/questions/78441748/creating-cognito-userpool-users-fails-with-pulumi-albeit-successful-with-awssdk,Tar,/users/587467/tar,0,0,10
AWS SAM How to set trigger event for specific ALIAS,/questions/78441542/aws-sam-how-to-set-trigger-event-for-specific-alias,ggever,/users/9856793/ggever,0,0,7
Looking solution to handle big query for reporting data from AWS Aurora Postgresql,/questions/78441389/looking-solution-to-handle-big-query-for-reporting-data-from-aws-aurora-postgres,TNH,/users/24910243/tnh,0,1,13
Secure file sharing between users within Flutter app [closed],/questions/78441280/secure-file-sharing-between-users-within-flutter-app,strangeclouds,/users/19178259/strangeclouds,0,0,20
How can the timeout duration for API Gateway be extended when interfacing with Lambda?,/questions/78441214/how-can-the-timeout-duration-for-api-gateway-be-extended-when-interfacing-with-l,Mohil,/users/16438753/mohil,0,0,14
Blue/Green deployment for web app using Nginx with multiple instances,/questions/78441197/blue-green-deployment-for-web-app-using-nginx-with-multiple-instances,krishnakumar Balasubramaniam,/users/14001609/krishnakumar-balasubramaniam,-1,0,16
blocked by CORS policy using API Gateway and lambda [closed],/questions/78441039/blocked-by-cors-policy-using-api-gateway-and-lambda,shantanuo,/users/139150/shantanuo,-2,0,7
Is it possible to consolidate the JSON data in every lambda_handler execution during AWS S3 Batch operation?,/questions/78440985/is-it-possible-to-consolidate-the-json-data-in-every-lambda-handler-execution-du,Dnyaneshwar Jadhav,/users/14660815/dnyaneshwar-jadhav,0,0,16
nginx running on EKS gives 403 /usr/share/nginx/html/index.html" is forbidden (13: Permission denied),/questions/78440646/nginx-running-on-eks-gives-403-usr-share-nginx-html-index-html-is-forbidden-1,Arindam Halder,/users/21805219/arindam-halder,0,0,7
The AWS Access Key Id you provided does not exist in our records. (serverless and s3),/questions/78440472/the-aws-access-key-id-you-provided-does-not-exist-in-our-records-serverless-an,Sebastian Rodriguez,/users/24906864/sebastian-rodriguez,0,0,16
How to install AWS NICE EnginFrame and its operation process,/questions/78440366/how-to-install-aws-nice-enginframe-and-its-operation-process,JunS P,/users/24454183/juns-p,0,0,22
Automate AWS ACM Certificate Creation in Kubernetes,/questions/78440356/automate-aws-acm-certificate-creation-in-kubernetes,Elazar,/users/19346208/elazar,0,1,26
we have 4 services in all envs each service has an individual application load balancer and each subdomains but load balancers taking cost,/questions/78440308/we-have-4-services-in-all-envs-each-service-has-an-individual-application-load-b,S arvind,/users/24905106/s-arvind,0,0,14
I am hosting my node js application on aws ec2 linux but getting this error can any one help me resove this issue [closed],/questions/78440260/i-am-hosting-my-node-js-application-on-aws-ec2-linux-but-getting-this-error-can,20UCS133 Chanchal Bawara,/users/24906046/20ucs133-chanchal-bawara,-3,0,12
Fluentd - AWS managed opensearch service logging issue,/questions/78440254/fluentd-aws-managed-opensearch-service-logging-issue,Naveen R,/users/24905820/naveen-r,0,0,6
how to use aws oidc trusted entity setup for github actions to restrict the permissions to ones triggered by pull_requests,/questions/78440138/how-to-use-aws-oidc-trusted-entity-setup-for-github-actions-to-restrict-the-perm,Sudin Shakya,/users/24082019/sudin-shakya,0,0,6
how to enable mfa bucket delete using lambda function and include on terraform,/questions/78440064/how-to-enable-mfa-bucket-delete-using-lambda-function-and-include-on-terraform,subha s,/users/24663646/subha-s,0,0,11
Spark application running on AWS EMR throws error "this.fileSystem" is null while writing to hudi,/questions/78439999/spark-application-running-on-aws-emr-throws-error-this-filesystem-is-null-whil,Gokul S,/users/3936207/gokul-s,0,0,9
How to create LetsEncrypt certificate for AWS EC2 single instance on Linux 2023?,/questions/78439910/how-to-create-letsencrypt-certificate-for-aws-ec2-single-instance-on-linux-2023,Primico,/users/1530156/primico,0,0,12
DynamoDB table with json property or each property in a record,/questions/78439891/dynamodb-table-with-json-property-or-each-property-in-a-record,VAAA,/users/1253667/vaaa,0,1,14
how to populate a database via aws glue job?,/questions/78439819/how-to-populate-a-database-via-aws-glue-job,kishi,/users/14417123/kishi,0,0,12
Access data on EMR directory from EMR Studio: Workspaces (Notebooks),/questions/78439733/access-data-on-emr-directory-from-emr-studio-workspaces-notebooks,Gaurav Singhal,/users/4613606/gaurav-singhal,0,0,5
If the requests are from the same IP and Port, will the AWS NLB redirect them to the same target?,/questions/78439724/if-the-requests-are-from-the-same-ip-and-port-will-the-aws-nlb-redirect-them-to,CY W,/users/17426695/cy-w,0,1,22
no basic auth credentials when SSH'd in as ec2-user,/questions/78439651/no-basic-auth-credentials-when-sshd-in-as-ec2-user,Ben,/users/197606/ben,0,0,10
Elastic Serverless Forwarder Deployment Is Failing,/questions/78439501/elastic-serverless-forwarder-deployment-is-failing,Raza,/users/1571019/raza,0,0,15
Is continuous backup of S3 bucket-wise, file-wise or byte-wise?,/questions/78439477/is-continuous-backup-of-s3-bucket-wise-file-wise-or-byte-wise,tobias,/users/2386605/tobias,0,0,32
For AWS Lambda Functions created via .NET Core Minimal API, is it necessary to provision S3 Bucket storage?,/questions/78439403/for-aws-lambda-functions-created-via-net-core-minimal-api-is-it-necessary-to-p,CB_at_Sw,/users/22411655/cb-at-sw,0,0,17
AWS Cognito Federated sigin-in is not including custom scopes,/questions/78439303/aws-cognito-federated-sigin-in-is-not-including-custom-scopes,grepIt,/users/3649072/grepit,0,0,13
Unable to return correct value from DynamoDB table, using AWS Lambda, API Gateway and IAM Policy,/questions/78439284/unable-to-return-correct-value-from-dynamodb-table-using-aws-lambda-api-gatewa,user16257618,/users/16257618/user16257618,0,1,24
AWS EMR Jupyter Notebook not saving '_xsrf' argument missing from POST,/questions/78439279/aws-emr-jupyter-notebook-not-saving-xsrf-argument-missing-from-post,rch_frnds,/users/22436547/rch-frnds,0,0,10
Spark Task Hangs after MySQL Query Aborted,/questions/78439248/spark-task-hangs-after-mysql-query-aborted,Daniel Cagney,/users/24901738/daniel-cagney,1,0,16
How to read file in s3 Bucket using django-storages?,/questions/78439182/how-to-read-file-in-s3-bucket-using-django-storages,tthheemmaannii,/users/22407544/tthheemmaannii,0,0,13
AWS Managed AD, incorrect URL used by Certificate Template?,/questions/78439130/aws-managed-ad-incorrect-url-used-by-certificate-template,geekygeek,/users/16491055/geekygeek,0,0,22
Which is more suitable RDS or DynamoDB integrated with OpenSearch [closed],/questions/78439071/which-is-more-suitable-rds-or-dynamodb-integrated-with-opensearch,RRR,/users/24897354/rrr,-2,0,19
0.0,0.0,0.0,0.0,0.0,0.0,0.0
Translating a code from Athena SQL to Pyspark SQL,/questions/78438879/translating-a-code-from-athena-sql-to-pyspark-sql,Milanesaurio,/users/24901027/milanesaurio,2,0,22
Nodejs server connects with public AWS RDS instance first time but "timesout" in subsequent attempts?,/questions/78438849/nodejs-server-connects-with-public-aws-rds-instance-first-time-but-timesout-in,Geek,/users/14901917/geek,0,0,11
Protocol error (Page.navigate): Target closed - AWS Lambda failure message,/questions/78438842/protocol-error-page-navigate-target-closed-aws-lambda-failure-message,santhosh kumar,/users/22295363/santhosh-kumar,0,1,19
Reusing Chromium/Puppeteer instance on hot start using AWS Lambda,/questions/78438656/reusing-chromium-puppeteer-instance-on-hot-start-using-aws-lambda,DurandA,/users/1584915/duranda,0,0,21
Updating RDS Instance from Snapshot in Different AWS Account using CloudFormation Nested Stack,/questions/78438552/updating-rds-instance-from-snapshot-in-different-aws-account-using-cloudformatio,pankaj,/users/13441383/pankaj,0,0,7
How to send Bedrock's results to S3 using LangChain,/questions/78438351/how-to-send-bedrocks-results-to-s3-using-langchain,Chedva,/users/8934639/chedva,0,0,14
EC2 instance is not accessible by domain name,/questions/78438277/ec2-instance-is-not-accessible-by-domain-name,Rahul Kumar,/users/24546950/rahul-kumar,-1,1,23
Is there a specific type for cloudwatch alarm event in @types/aws-lambda package?,/questions/78438268/is-there-a-specific-type-for-cloudwatch-alarm-event-in-types-aws-lambda-package,Nithin Kumar Biliya,/users/1298824/nithin-kumar-biliya,0,0,12
Load Balancer is not routing to Elastic Beanstalk host header,/questions/78438046/load-balancer-is-not-routing-to-elastic-beanstalk-host-header,Ibrahim,/users/22458082/ibrahim,0,0,7
EC2::LaunchTemplate's Version, versus GetAtt, versus ImportValue,/questions/78437987/ec2launchtemplates-version-versus-getatt-versus-importvalue,Ti Strga,/users/1824182/ti-strga,0,0,7
Py4JJavaError -Running pyspark job locally using PyCharm IDE causing Py4JJavaError error while accessing s3 data,/questions/78437949/py4jjavaerror-running-pyspark-job-locally-using-pycharm-ide-causing-py4jjavaerr,Shasu,/users/10927888/shasu,0,0,4
Issue with Module Not Found Error in React Component (AWS Amplify/Graphql),/questions/78437930/issue-with-module-not-found-error-in-react-component-aws-amplify-graphql,Billy Xiao,/users/18430301/billy-xiao,0,1,16
Unable to write to mountd custom EFS for Sagemaker studio,/questions/78437903/unable-to-write-to-mountd-custom-efs-for-sagemaker-studio,Liang Ping Koh,/users/24898042/liang-ping-koh,0,1,11
Is there a way to sync my RDS secrets to work on a clone of this same cluster?,/questions/78437836/is-there-a-way-to-sync-my-rds-secrets-to-work-on-a-clone-of-this-same-cluster,StormyFiddle,/users/23578863/stormyfiddle,0,0,10
Define default payment method per account on aws,/questions/78437780/define-default-payment-method-per-account-on-aws,aseques,/users/322049/aseques,0,0,10
Unauthorized Error When Creating Kubernetes Service in AWS EKS Using Terraform,/questions/78437767/unauthorized-error-when-creating-kubernetes-service-in-aws-eks-using-terraform,kawa,/users/19293506/kawa,0,0,52
Terrraform: Ignore specific value when using aws_org_org data call,/questions/78437759/terrraform-ignore-specific-value-when-using-aws-org-org-data-call,officiallyy,/users/24859189/officiallyy,-1,1,13
How do I create IOT device shadow using AWS CLI?,/questions/78437699/how-do-i-create-iot-device-shadow-using-aws-cli,Primordial_Hamster,/users/12257057/primordial-hamster,0,0,21
Debugging ServerDisconnectedError in Dockerized setup with S3 upstream [closed],/questions/78437319/debugging-serverdisconnectederror-in-dockerized-setup-with-s3-upstream,Michael,/users/7087417/michael,-1,0,12
How to create a multi-column custom visual transform?,/questions/78437203/how-to-create-a-multi-column-custom-visual-transform,piper123,/users/14289488/piper123,0,0,15
Proper downloading of files from S3 using pre-signed URLs,/questions/78437070/proper-downloading-of-files-from-s3-using-pre-signed-urls,malat,/users/136285/malat,0,1,23
Lambda Handler not found from bucket,/questions/78436768/lambda-handler-not-found-from-bucket,user3052526,/users/3052526/user3052526,0,1,27
Unable to upload a python hello world app to Ubuntu EC2 [duplicate],/questions/78436741/unable-to-upload-a-python-hello-world-app-to-ubuntu-ec2,Muhammad Ahmad,/users/10675303/muhammad-ahmad,0,0,33
AWS ALB Rules Routing issue,/questions/78436649/aws-alb-rules-routing-issue,Munsif Ali Misri,/users/11834893/munsif-ali-misri,0,1,12
DNS Resolution Issue between Step Function and OpenSearch Domain in VPC Environment,/questions/78436542/dns-resolution-issue-between-step-function-and-opensearch-domain-in-vpc-environm,Ivan Yalovets,/users/24281979/ivan-yalovets,0,1,26
AWS RDS MySQL Community 8.0.35 using SSL/TLS without providing certificates,/questions/78436492/aws-rds-mysql-community-8-0-35-using-ssl-tls-without-providing-certificates,Ali Mohsan,/users/2141407/ali-mohsan,0,0,19
How to do password-less sign-in and Sign-up through AWS Amplify for Flutter,/questions/78436413/how-to-do-password-less-sign-in-and-sign-up-through-aws-amplify-for-flutter,pallabB,/users/2795472/pallabb,0,1,32
Upload large set of data(200 TB) from harddisk to AWS S3 [closed],/questions/78436206/upload-large-set-of-data200-tb-from-harddisk-to-aws-s3,Chandan Vishwakarma,/users/7684955/chandan-vishwakarma,-5,1,35
AWS Sagemaker endpoint's response parsing,/questions/78436165/aws-sagemaker-endpoints-response-parsing,Zhenya Karapetyan,/users/24823357/zhenya-karapetyan,0,1,14
quarkus cognito user pool extension proxy config,/questions/78436075/quarkus-cognito-user-pool-extension-proxy-config,Magloire Namber,/users/11051861/magloire-namber,0,0,12
CallbackRouteError when trying to sign in with Azure AD provider, but always works at the second attempt,/questions/78435627/callbackrouteerror-when-trying-to-sign-in-with-azure-ad-provider-but-always-wor,elwd,/users/24890523/elwd,0,0,11
Gremlin query to get nodes, edges and children in Java,/questions/78435466/gremlin-query-to-get-nodes-edges-and-children-in-java,CptWasp,/users/3022586/cptwasp,0,1,17
AWS MySQL RDS Read Replica Syncing Issue with Incorrect Binary Log Recording,/questions/78435396/aws-mysql-rds-read-replica-syncing-issue-with-incorrect-binary-log-recording,Praveen,/users/1657667/praveen,-2,0,59
How to add a web page and DynamoDB to Alexa skill,/questions/78435368/how-to-add-a-web-page-and-dynamodb-to-alexa-skill,Emmanuelito18,/users/23140719/emmanuelito18,0,0,18
Which Authentication Mode for Programmatically Uploading Files to S3 Bucket,/questions/78435357/which-authentication-mode-for-programmatically-uploading-files-to-s3-bucket,oldboy,/users/7543162/oldboy,0,1,46
How to Implement Custom Health Checks in AWS for Single Instance Auto Scaling? [closed],/questions/78435106/how-to-implement-custom-health-checks-in-aws-for-single-instance-auto-scaling,Dhairya Verma,/users/6633920/dhairya-verma,0,0,23
AWS event-bridge is not invoked the AWS lambda function,/questions/78435021/aws-event-bridge-is-not-invoked-the-aws-lambda-function,Paras Dalsaniya,/users/16055553/paras-dalsaniya,0,1,13
Missing TTP header in rclone when copy files to AWS S3,/questions/78434962/missing-ttp-header-in-rclone-when-copy-files-to-aws-s3,Jay J,/users/3029866/jay-j,0,0,18
Is there a way to filter aws resources by part of its name using cloud custodian?,/questions/78434961/is-there-a-way-to-filter-aws-resources-by-part-of-its-name-using-cloud-custodian,Sahiru Wijesinghe,/users/15323762/sahiru-wijesinghe,0,0,11
Unable to access my EKS cluster when deploying using github actions,/questions/78434655/unable-to-access-my-eks-cluster-when-deploying-using-github-actions,user24886951,/users/24886951/user24886951,0,0,33
Kubernetes pod name or print something unique in the pod logs entries or any alternative (rsyslog implementation) [closed],/questions/78434513/kubernetes-pod-name-or-print-something-unique-in-the-pod-logs-entries-or-any-alt,Harish KM,/users/10504455/harish-km,0,0,37
S3 Only User that only be accessed by other resources in my AWS environment,/questions/78434508/s3-only-user-that-only-be-accessed-by-other-resources-in-my-aws-environment,gdawgrancid,/users/549212/gdawgrancid,0,0,20
Datetime is aws glue job is not taking the local time-zone, it is using UTC?,/questions/78434459/datetime-is-aws-glue-job-is-not-taking-the-local-time-zone-it-is-using-utc,Dhivakhar Venkatachalam,/users/9377382/dhivakhar-venkatachalam,0,1,15
AWS SES send a copy of email sent to S3,/questions/78434423/aws-ses-send-a-copy-of-email-sent-to-s3,Budianto IP,/users/5729075/budianto-ip,1,0,13
How to make CloudFront to deliver an old version of the page?,/questions/78434274/how-to-make-cloudfront-to-deliver-an-old-version-of-the-page,porton,/users/856090/porton,0,0,22
Sagemaker custom model metrics from eval pipeline step,/questions/78433959/sagemaker-custom-model-metrics-from-eval-pipeline-step,David Waterworth,/users/2981639/david-waterworth,0,0,10
How do I allow reference arn of an httpApi lambda,/questions/78433952/how-do-i-allow-reference-arn-of-an-httpapi-lambda,Zain Zafar,/users/673379/zain-zafar,0,0,9
How can I launch a new container instance and deploy a different versions of my app on it with an API call?,/questions/78433951/how-can-i-launch-a-new-container-instance-and-deploy-a-different-versions-of-my,user18039014,/users/18039014/user18039014,-2,0,10
ECS task fails n times before working correctly,/questions/78433819/ecs-task-fails-n-times-before-working-correctly,Santiago,/users/17995604/santiago,0,0,16
Nodejs ES6 import issue with AWS Lambda & Layer,/questions/78433758/nodejs-es6-import-issue-with-aws-lambda-layer,Mayur,/users/3116512/mayur,0,1,30
0.0,0.0,0.0,0.0,0.0,0.0,0.0
Uploading file to aws s3 using flutter isolate,/questions/78433745/uploading-file-to-aws-s3-using-flutter-isolate,vijay vignesh,/users/12443321/vijay-vignesh,0,0,14
AWS Glue Job with bookmark enabled, Reads same data from S3 CSV file,/questions/78433621/aws-glue-job-with-bookmark-enabled-reads-same-data-from-s3-csv-file,rajeswar reddy Meka,/users/24882462/rajeswar-reddy-meka,0,0,26
Why is RetrieveAndGenerate API response is giving empty list for retrievedReferences even when output is being generated and mapped to source docs?,/questions/78433567/why-is-retrieveandgenerate-api-response-is-giving-empty-list-for-retrievedrefere,Tabish Siddiqui,/users/24882647/tabish-siddiqui,0,0,17
Deploy resources to AWS through Terraform using Harness CI/CD,/questions/78433478/deploy-resources-to-aws-through-terraform-using-harness-ci-cd,Hassan Aslam,/users/20969701/hassan-aslam,0,0,17
Mock AWS S3 Select Response with Jest and AWS SDK V3,/questions/78433433/mock-aws-s3-select-response-with-jest-and-aws-sdk-v3,Denil Parmar,/users/4295456/denil-parmar,0,1,28
version `GLIBC_2.28' not found when running aws lambda python 3.9,/questions/78433231/version-glibc-2-28-not-found-when-running-aws-lambda-python-3-9,Dalal Alghomlas,/users/5179240/dalal-alghomlas,-1,2,34
What is the alternative to listExecutions since this API action is not supported by EXPRESS state machines?,/questions/78433102/what-is-the-alternative-to-listexecutions-since-this-api-action-is-not-supported,Ibrahim,/users/24881020/ibrahim,0,1,22
Is ICMP ping work when EC2 underlying hardware fails [closed],/questions/78432978/is-icmp-ping-work-when-ec2-underlying-hardware-fails,Muralimohan Reddy,/users/24881014/muralimohan-reddy,-2,0,19
List all folder names under an AWS S3 bucket in C# ASP.NET,/questions/78432928/list-all-folder-names-under-an-aws-s3-bucket-in-c-sharp-asp-net,Renan,/users/14790573/renan,0,0,28
Deploying my web application and cannot get the submit button to post back and query my database,/questions/78432624/deploying-my-web-application-and-cannot-get-the-submit-button-to-post-back-and-q,April,/users/24879726/april,1,1,13
Is there a way to use Chalice to run a specific task at a specific time?,/questions/78432106/is-there-a-way-to-use-chalice-to-run-a-specific-task-at-a-specific-time,GenRincewind,/users/8447437/genrincewind,0,1,11
MQTT Connection Error to AWS IOT Core With ESP32-S3,/questions/78432089/mqtt-connection-error-to-aws-iot-core-with-esp32-s3,user23469883,/users/23469883/user23469883,0,0,15
Neptune Cardinality for mergeV option error,/questions/78431998/neptune-cardinality-for-mergev-option-error,SuperHaoyu,/users/5516143/superhaoyu,1,1,21
Can't RDP to private EC2 through VPN [closed],/questions/78431660/cant-rdp-to-private-ec2-through-vpn,nc101,/users/7194781/nc101,0,1,40
Running ffmpeg in Docker environment on AWS EC2 [duplicate],/questions/78431559/running-ffmpeg-in-docker-environment-on-aws-ec2,must,/users/8381174/must,0,0,23
configuring CloudFront caching based on origin response headers,/questions/78431300/configuring-cloudfront-caching-based-on-origin-response-headers,sh123,/users/24875164/sh123,0,0,11
not able to create spot instance with managedNodeGroups using config gile with eksctl [closed],/questions/78431281/not-able-to-create-spot-instance-with-managednodegroups-using-config-gile-with-e,kumar,/users/584239/kumar,0,0,10
I am running PHP website on AWS cloud EC2 Instance with PayU as payment gateway provider ,customers facing transaction error [closed],/questions/78431113/i-am-running-php-website-on-aws-cloud-ec2-instance-with-payu-as-payment-gateway,Ganesh Thorave,/users/11612568/ganesh-thorave,-1,0,18
Amazon S3 access point policy,/questions/78430778/amazon-s3-access-point-policy,Maik-Biazi,/users/19265811/maik-biazi,0,0,22
How to look up Access denied in AWS?,/questions/78430759/how-to-look-up-access-denied-in-aws,David,/users/10738638/david,0,0,25
How to Sync Visual Studio Code file automatically to Amazon AWS S3 Bucket - Mac,/questions/78430746/how-to-sync-visual-studio-code-file-automatically-to-amazon-aws-s3-bucket-mac,Julia Sanders,/users/24872963/julia-sanders,-1,1,25
how to resolve stack creation issue on aws cloud formation,/questions/78430464/how-to-resolve-stack-creation-issue-on-aws-cloud-formation,Harsh Mishra,/users/17108782/harsh-mishra,0,0,21
Apache Spark in Account A read Aws DataCatalog of Account B with Assumed-Role,/questions/78430350/apache-spark-in-account-a-read-aws-datacatalog-of-account-b-with-assumed-role,mingzhao.pro,/users/4825559/mingzhao-pro,0,0,20
Deploying To AWS EKS - Stream closed EOF - exec format error,/questions/78430145/deploying-to-aws-eks-stream-closed-eof-exec-format-error,Jake Woodruff,/users/13521698/jake-woodruff,0,0,23
Unable to connect to Amazon RDS database with Inbound rule to allow all connection and publicly accessible turned on,/questions/78430136/unable-to-connect-to-amazon-rds-database-with-inbound-rule-to-allow-all-connecti,Vibhore Sagar,/users/16142084/vibhore-sagar,0,1,27
How to solve "Cannot use import statement outside a module" error from AWS Lambda deployed with CDK,/questions/78430010/how-to-solve-cannot-use-import-statement-outside-a-module-error-from-aws-lambd,adam.shaleen,/users/5889527/adam-shaleen,-1,1,53
AWS sdk not connecting the s3 object storage for java application,/questions/78429978/aws-sdk-not-connecting-the-s3-object-storage-for-java-application,Abhirup Chandra,/users/24867544/abhirup-chandra,-1,0,11
How to connect to Websocket deployed on AWS ECS,/questions/78429685/how-to-connect-to-websocket-deployed-on-aws-ecs,bsaoptima,/users/16936792/bsaoptima,0,0,17
geckodriver connection refused in Amazon Linux,/questions/78429625/geckodriver-connection-refused-in-amazon-linux,bangbang,/users/23484615/bangbang,0,0,18
aws lambda function does not work when importing a function from a different file in a different folder,/questions/78429619/aws-lambda-function-does-not-work-when-importing-a-function-from-a-different-fil,Picci,/users/5699993/picci,0,1,19
Service that can host multiple DNS zones, and all the clients are given the same DNS entry point?,/questions/78429375/service-that-can-host-multiple-dns-zones-and-all-the-clients-are-given-the-same,rPawel,/users/2401926/rpawel,-1,0,23
jenkins build not showing the status as online,/questions/78428889/jenkins-build-not-showing-the-status-as-online,Prudhvi Chowdary,/users/24866690/prudhvi-chowdary,-1,0,16
Handle Cors from lambda to cloudfront or s3,/questions/78428828/handle-cors-from-lambda-to-cloudfront-or-s3,Millroy Fernandes,/users/1379158/millroy-fernandes,0,0,22
Amplify Vite React React Router Dom,/questions/78428694/amplify-vite-react-react-router-dom,Berkoo,/users/9790530/berkoo,-1,0,35
Unable to read and write downloaded file using puppeteer inside AWS Lamda function,/questions/78428638/unable-to-read-and-write-downloaded-file-using-puppeteer-inside-aws-lamda-functi,Kelash,/users/23020656/kelash,0,1,10
AWS: EBS root volume vs instance storage,/questions/78428466/aws-ebs-root-volume-vs-instance-storage,Mandroid,/users/2444661/mandroid,0,2,27
Warning: Unprotected private key file [duplicate],/questions/78428447/warning-unprotected-private-key-file,pinky,/users/23448127/pinky,-1,0,21
AWS CORS configuration with lambda function url and a CNAME in cloudfront distribution,/questions/78428354/aws-cors-configuration-with-lambda-function-url-and-a-cname-in-cloudfront-distri,simon1389,/users/3204575/simon1389,0,0,15
How to run kong gateway and kong ingress controller in the same cluster,/questions/78428303/how-to-run-kong-gateway-and-kong-ingress-controller-in-the-same-cluster,David Essien,/users/8189936/david-essien,0,0,12
AWS EC2 hosted Wordpress site - can't log in to Wordpress admin anymore [closed],/questions/78428293/aws-ec2-hosted-wordpress-site-cant-log-in-to-wordpress-admin-anymore,user2288961,/users/2288961/user2288961,0,0,14
how to enable Publicly accessible to yes in Amazon RDS (Relational Database Service),/questions/78428195/how-to-enable-publicly-accessible-to-yes-in-amazon-rds-relational-database-serv,Lakshmi Sureshan,/users/23281143/lakshmi-sureshan,0,1,15
MongoDB Atlas private link Not working in Java SDK,/questions/78428116/mongodb-atlas-private-link-not-working-in-java-sdk,Surya Teja,/users/23011649/surya-teja,0,0,11
Error while reading data from databricks jdbc connection to redshift,/questions/78428036/error-while-reading-data-from-databricks-jdbc-connection-to-redshift,Sree51,/users/2969006/sree51,0,0,45
I want to create large no entities and render them with best performance quickly load all the entities,/questions/78427974/i-want-to-create-large-no-entities-and-render-them-with-best-performance-quickly,amal,/users/4562249/amal,-1,0,9
The binary version of its metadata is 1.9.0, expected version is 1.7.1.[ currently i am using java 17 and vs code, flutter, `AWS amplify ],/questions/78427922/the-binary-version-of-its-metadata-is-1-9-0-expected-version-is-1-7-1-current,API,/users/24862974/api,0,0,18
How to make session time out when the tab is closed in react js?,/questions/78427804/how-to-make-session-time-out-when-the-tab-is-closed-in-react-js,Sounderya S,/users/23506611/sounderya-s,0,0,15
aws dedicated host: fully dedicated vs sharing?,/questions/78427799/aws-dedicated-host-fully-dedicated-vs-sharing,Mandroid,/users/2444661/mandroid,-2,1,17
How to set up AWS SNS for message filtering?,/questions/78427758/how-to-set-up-aws-sns-for-message-filtering,beedrill,/users/4608157/beedrill,0,1,11
how to return value from aws connect module to contact flow. values are accessesible in module but not in contact flow,/questions/78427748/how-to-return-value-from-aws-connect-module-to-contact-flow-values-are-accesses,user3418006,/users/3418006/user3418006,0,0,9
How to upload custom training code to Sagemaker Estimator Python,/questions/78427298/how-to-upload-custom-training-code-to-sagemaker-estimator-python,Coolboy,/users/17178229/coolboy,0,0,26
0.0,0.0,0.0,0.0,0.0,0.0,0.0
How to use a low cardinality partition key in dynamodb,/questions/78427108/how-to-use-a-low-cardinality-partition-key-in-dynamodb,Jesus Jimenez,/users/21187273/jesus-jimenez,1,2,30
AWS LAmbda - Send SQS Message in foreach is loop not consistent,/questions/78427005/aws-lambda-send-sqs-message-in-foreach-is-loop-not-consistent,CoonHouse,/users/10867647/coonhouse,0,0,27
Circular dependency between resources. AWS CloudFormation, AWS Config, Auditing Resources,/questions/78426994/circular-dependency-between-resources-aws-cloudformation-aws-config-auditing,RobloxHero,/users/23408211/robloxhero,0,0,8
How to build openai-like Python API and Library,/questions/78426987/how-to-build-openai-like-python-api-and-library,athanzxyt,/users/18384668/athanzxyt,0,0,18
When I try to perform testing in my knowledge base, the model does not load in amazon bedrock,/questions/78426720/when-i-try-to-perform-testing-in-my-knowledge-base-the-model-does-not-load-in-a,Mateo Cherasco,/users/24859082/mateo-cherasco,0,0,14
Getting src not found in docker image when pushed to aws lambda,/questions/78426313/getting-src-not-found-in-docker-image-when-pushed-to-aws-lambda,Em Ae,/users/504717/em-ae,-1,0,19
Can I use wildcard in Route53 DNS SVR record,/questions/78426069/can-i-use-wildcard-in-route53-dns-svr-record,Pavan Kumar,/users/1101527/pavan-kumar,0,0,9
How to check endpoint on a specific path in prometheus using blackbox exporter,/questions/78426004/how-to-check-endpoint-on-a-specific-path-in-prometheus-using-blackbox-exporter,AWS_Developer,/users/4110961/aws-developer,0,0,19
Amazon AWS Bedrock : how to detect timeout?,/questions/78425981/amazon-aws-bedrock-how-to-detect-timeout,toto_tata,/users/395869/toto-tata,1,0,14
Best Approach for Client-Side Encryption with AWS KMS, Separate Keys for Each Column, and Key Rotation,/questions/78425840/best-approach-for-client-side-encryption-with-aws-kms-separate-keys-for-each-co,YouSuggestMe,/users/16994940/yousuggestme,0,0,30
Cloudflare + Next.js Image is loading blurry image when small,/questions/78425652/cloudflare-next-js-image-is-loading-blurry-image-when-small,Sam Munroe,/users/2900865/sam-munroe,0,0,9
Terraform error on ebs_csi_addon creation,/questions/78425389/terraform-error-on-ebs-csi-addon-creation,Dinesh Kumar,/users/23667808/dinesh-kumar,0,0,10
Secure Exec() running on a lambda [closed],/questions/78425303/secure-exec-running-on-a-lambda,dt92,/users/19897248/dt92,0,0,22
when send request by nextjs to laravel sail deploy on aws that request blocked,/questions/78425186/when-send-request-by-nextjs-to-laravel-sail-deploy-on-aws-that-request-blocked,Pick Pick,/users/24854872/pick-pick,-1,0,17
Why is Bitbucket pipeline throwing 'authorization denied by plugin pipelines' error for AWS Lambda function invocation?,/questions/78424795/why-is-bitbucket-pipeline-throwing-authorization-denied-by-plugin-pipelines-er,Viktor Crow,/users/21941296/viktor-crow,0,0,23
Reuse spring session jdbc data on AWS lambda authorizer,/questions/78424774/reuse-spring-session-jdbc-data-on-aws-lambda-authorizer,user4923462,/users/4923462/user4923462,-1,0,14
how can i give a federated user only access to view secret in secrets manager and block others,/questions/78424770/how-can-i-give-a-federated-user-only-access-to-view-secret-in-secrets-manager-an,khuvulani,/users/19330950/khuvulani,0,0,9
AWS CloudWatch Dashboard based on tags,/questions/78424729/aws-cloudwatch-dashboard-based-on-tags,Stefan,/users/1959724/stefan,0,0,14
Is there any way to know how long has an AWS AppStream ImageBuilder has been running for?,/questions/78424728/is-there-any-way-to-know-how-long-has-an-aws-appstream-imagebuilder-has-been-run,pranay muddagouni,/users/10212338/pranay-muddagouni,0,0,10
Apply kms key over 1st folder level in s3 bucket. Each folder will have seperate kms key,/questions/78424684/apply-kms-key-over-1st-folder-level-in-s3-bucket-each-folder-will-have-seperate,HARISH,/users/16840935/harish,-1,0,27
build container image for nodejs app with playright to run on aws lambda,/questions/78424617/build-container-image-for-nodejs-app-with-playright-to-run-on-aws-lambda,Ali CAKIL,/users/3303448/ali-cakil,0,0,12
Error when using Amazon Q Developer with IDE: "The project you have selected for source code is too large",/questions/78424525/error-when-using-amazon-q-developer-with-ide-the-project-you-have-selected-for,Pedro Luque,/users/6490634/pedro-luque,1,0,10
Real time file transfer from google drive to AWS S3 [closed],/questions/78424496/real-time-file-transfer-from-google-drive-to-aws-s3,Ritesh Varpe,/users/18948063/ritesh-varpe,-1,0,16
How to connect private EC2 instance using Jenkins [closed],/questions/78424393/how-to-connect-private-ec2-instance-using-jenkins,Chrisgraham Christian,/users/24852174/chrisgraham-christian,-2,0,25
Converting circular structure to JSON error while using @aws-sdk/client-s3 package with Linode object storage,/questions/78424370/converting-circular-structure-to-json-error-while-using-aws-sdk-client-s3-packa,user10033434,/users/10033434/user10033434,0,0,28
How to increase docker disk space for apprunner aws?,/questions/78424351/how-to-increase-docker-disk-space-for-apprunner-aws,Nitin k,/users/19683820/nitin-k,2,0,23
Remote development in VS code using dev container "without" SSH,/questions/78424247/remote-development-in-vs-code-using-dev-container-without-ssh,SM_07,/users/4630847/sm-07,0,1,15
Unable to use AWS lambda function to send emails through an IAM role,/questions/78424175/unable-to-use-aws-lambda-function-to-send-emails-through-an-iam-role,Brian,/users/1408347/brian,0,0,13
Separate pipeline for staging and production,/questions/78424101/separate-pipeline-for-staging-and-production,Hunter,/users/1403339/hunter,-1,0,27
QoS and retain both set to 1 then MQTT Client goes to MQTT Close session after time greater than keep alive interval and then reconnection,/questions/78424078/qos-and-retain-both-set-to-1-then-mqtt-client-goes-to-mqtt-close-session-after-t,Sayali,/users/21309258/sayali,0,0,14
How do you kill a session on an Oracle RDS Database Instance? [closed],/questions/78424010/how-do-you-kill-a-session-on-an-oracle-rds-database-instance,simonalexander2005,/users/318414/simonalexander2005,0,1,16
Querying the last N partitions from S3 external table efficiently using Redshift SQL,/questions/78423958/querying-the-last-n-partitions-from-s3-external-table-efficiently-using-redshift,kubisma1,/users/3466265/kubisma1,0,0,19
Make Rails UrlWriter generate https links when SSL is terminated at Load Balancer and internal traffic goes via http,/questions/78423888/make-rails-urlwriter-generate-https-links-when-ssl-is-terminated-at-load-balance,Evžen Frost,/users/24850558/ev%c5%been-frost,0,0,22
Graylog CloudWatch setup not working - IAM issues,/questions/78423844/graylog-cloudwatch-setup-not-working-iam-issues,jpbn43,/users/13389245/jpbn43,1,0,7
Railway Error when deploying DJango App due to botocore dependency (boto3),/questions/78423738/railway-error-when-deploying-django-app-due-to-botocore-dependency-boto3,Wilmi Vizcaino,/users/23473785/wilmi-vizcaino,0,2,26
EC2 Ubuntu Host "Randomly" Shutting down [closed],/questions/78423638/ec2-ubuntu-host-randomly-shutting-down,Brandon Teixeira,/users/17142599/brandon-teixeira,-3,0,29
Importing an m3u8 stream into kinesis video streams via gstreamer - audio out of sync,/questions/78423616/importing-an-m3u8-stream-into-kinesis-video-streams-via-gstreamer-audio-out-of,Michael Marini,/users/23569054/michael-marini,0,0,13
Integration of AWS Lambda with SES to send emails,/questions/78423610/integration-of-aws-lambda-with-ses-to-send-emails,Reddy Rohit,/users/15208313/reddy-rohit,-2,0,34
how to fix grafana pod log status 302,/questions/78423525/how-to-fix-grafana-pod-log-status-302,Gourav Saini,/users/17513774/gourav-saini,1,0,23
bedrock: ValidationException calling InvokeModelWithResponseStream: Malformed input request: string[Observation] does not match pattern ^(\|+|User:)$,,/questions/78423517/bedrock-validationexception-calling-invokemodelwithresponsestream-malformed-in,Sameer Mahajan,/users/2987552/sameer-mahajan,0,0,14
How to output data from an execution of a SSM Document,/questions/78423404/how-to-output-data-from-an-execution-of-a-ssm-document,Daniel Sierra Pérez,/users/24848824/daniel-sierra-p%c3%a9rez,2,0,28
Unsatisfied Dependency Exception: Error creating bean with name & Also getting Invalid client token,/questions/78423302/unsatisfied-dependency-exception-error-creating-bean-with-name-also-getting-i,anshu thakur,/users/8287153/anshu-thakur,0,0,19
AWS website not updating at alternate domain name [closed],/questions/78423242/aws-website-not-updating-at-alternate-domain-name,flavioebn,/users/22515113/flavioebn,-1,0,10
manipulating a json file,/questions/78423153/manipulating-a-json-file,Lagot,/users/11941998/lagot,1,0,23
Apache Kafka consumer not being able to read all messages produced by multiple instances of Kafka consumer,/questions/78423057/apache-kafka-consumer-not-being-able-to-read-all-messages-produced-by-multiple-i,amogh latlong,/users/24846507/amogh-latlong,1,0,23
How to Update Prisma Types Dynamically Without Deleting Data in Postgres Database in a Nest.js Backend?,/questions/78423021/how-to-update-prisma-types-dynamically-without-deleting-data-in-postgres-databas,Saad Zubairi,/users/15491638/saad-zubairi,0,1,19
creating ec2 instance by using terraform but getting error's please resolve it? [closed],/questions/78422924/creating-ec2-instance-by-using-terraform-but-getting-errors-please-resolve-it,gokulgoud 03,/users/24761454/gokulgoud-03,-2,0,23
Amazon Textract Python,/questions/78422904/amazon-textract-python,syed zain,/users/18584306/syed-zain,1,0,21
Testing a Python package dependent on user input credentials,/questions/78422663/testing-a-python-package-dependent-on-user-input-credentials,user2395059,/users/2395059/user2395059,0,0,19
AWS Glue Job Not Running / Triggering by Terraform,/questions/78422627/aws-glue-job-not-running-triggering-by-terraform,Robert,/users/21272713/robert,-1,1,18
