question_title,question_url,username,user_profile_url,votes,answers,views
0.0,0.0,0.0,0.0,0.0,0.0,0.0
0.0,0.0,0.0,0.0,0.0,0.0,0.0
Does using a custom authorizer with aws-iot (wss) create a new device everytime a device connects and sends data?,/questions/54329225/does-using-a-custom-authorizer-with-aws-iot-wss-create-a-new-device-everytime,user2967920,/users/2967920/user2967920,1,2,942
CloudFormation nested stack parameter conversion from String/ComaDelimitedList to 'mappings Key-Value pairs',/questions/54329171/cloudformation-nested-stack-parameter-conversion-from-string-comadelimitedlist-t,Elidjon Grembi,/users/4489147/elidjon-grembi,4,0,695
Getting issue-Unsupported Method: GET in postman while testing API Gateway API,/questions/54328953/getting-issue-unsupported-method-get-in-postman-while-testing-api-gateway-api,Gayathri K,/users/7791000/gayathri-k,0,1,471
Cognito authentication using federated identity does not create a user in the pool,/questions/54328926/cognito-authentication-using-federated-identity-does-not-create-a-user-in-the-po,AleCat83,/users/1662191/alecat83,1,1,516
aws lambda SES function timeout,/questions/54328886/aws-lambda-ses-function-timeout,superphung,/users/7616013/superphung,3,1,4k
scripts/install_dependencies run as user ubuntu failed with exit code 1,/questions/54328827/scripts-install-dependencies-run-as-user-ubuntu-failed-with-exit-code-1,Nishar sheik,/users/9775393/nishar-sheik,0,1,618
Modeling SQL schema to DynamoDB,/questions/54328753/modeling-sql-schema-to-dynamodb,Marek Opatřil,/users/5009065/marek-opat%c5%99il,-1,1,713
AWS transform data going into IoT Analytics pipeline with a Lambda function permission error,/questions/54328443/aws-transform-data-going-into-iot-analytics-pipeline-with-a-lambda-function-perm,Peter-John Jansen,/users/4978233/peter-john-jansen,2,1,892
Extract object from Woocommerce payload and remove backslashes from the string,/questions/54328176/extract-object-from-woocommerce-payload-and-remove-backslashes-from-the-string,Gracie,/users/9289798/gracie,0,0,110
Continue with custom auth flow after NEW_PASSWORD_REQUIRED challenge is answered in AWS Cognito,/questions/54327168/continue-with-custom-auth-flow-after-new-password-required-challenge-is-answered,Sven Möhring,/users/5297460/sven-m%c3%b6hring,6,1,3k
AWS AMI: Need to explicitly remove apt locks when provisioning AMI from bionic,/questions/54327058/aws-ami-need-to-explicitly-remove-apt-locks-when-provisioning-ami-from-bionic,pkaramol,/users/2409793/pkaramol,1,2,1k
Heroku app uploads only once w/ AWS S3 security credentials,/questions/54326907/heroku-app-uploads-only-once-w-aws-s3-security-credentials,Leder,/users/3312628/leder,0,0,31
Forgot Password Form using AWS Cognito,/questions/54326663/forgot-password-form-using-aws-cognito,Parth Manaktala,/users/8107504/parth-manaktala,1,2,5k
How to optimally set spark driver properties in YARN,/questions/54326336/how-to-optimally-set-spark-driver-properties-in-yarn,Rinaz Belhaj,/users/7126666/rinaz-belhaj,2,0,304
Permission denied for SSH aws ec2 centos instance,/questions/54326151/permission-denied-for-ssh-aws-ec2-centos-instance,Ali Ammaar,/users/2508184/ali-ammaar,0,0,208
Traceroute giving wrong country on AWS,/questions/54325892/traceroute-giving-wrong-country-on-aws,James,/users/5605863/james,-1,1,160
Terraform cloudformation_stack unkown variable onto UserData,/questions/54325661/terraform-cloudformation-stack-unkown-variable-onto-userdata,Rodrigo Andrade,/users/2679748/rodrigo-andrade,0,1,469
Reading data from s3: s3.getObject is not a function,/questions/54325261/reading-data-from-s3-s3-getobject-is-not-a-function,ajhstn,/users/1380806/ajhstn,3,2,10k
unable to retrieve images uploaded on aws instance using laravel,/questions/54325163/unable-to-retrieve-images-uploaded-on-aws-instance-using-laravel,Piyush Singh,/users/10955079/piyush-singh,0,1,536
Which event endpoint should each device send a StateReport/ChangeReport to?,/questions/54325089/which-event-endpoint-should-each-device-send-a-statereport-changereport-to,troy,/users/3762105/troy,0,1,301
Terraform Nested Module Calling and Outputs,/questions/54324265/terraform-nested-module-calling-and-outputs,ColossusMark1,/users/9242571/colossusmark1,7,1,27k
DynamoDB - Design 1 to Many relationship,/questions/54323410/dynamodb-design-1-to-many-relationship,EduBic,/users/10529476/edubic,1,1,229
"How to add new tags to an AWS S3 Bucket using Boto3 if the existing tags on the bucket contains 'aws:' prefixes, without deleting existing tags?",/questions/54323238/how-to-add-new-tags-to-an-aws-s3-bucket-using-boto3-if-the-existing-tags-on-the,Anum Hassan,/users/10954554/anum-hassan,1,1,473
lambda create-event-source-mapping Member must not be null Exception,/questions/54322457/lambda-create-event-source-mapping-member-must-not-be-null-exception,divyanayan awasthi,/users/2551923/divyanayan-awasthi,2,2,3k
Storing a tree like structure in dynamodb,/questions/54321920/storing-a-tree-like-structure-in-dynamodb,user1692342,/users/1692342/user1692342,2,1,5k
How to get versioning information of a s3 object?,/questions/54321885/how-to-get-versioning-information-of-a-s3-object,Adam Jungen,/users/7809225/adam-jungen,-1,1,280
Network Error: Connection Refused in AWS EC2 Instance,/questions/54320878/network-error-connection-refused-in-aws-ec2-instance,jawad846,/users/10815761/jawad846,0,1,2k
PolicyDocument vs AssumeRolePolicyDocument,/questions/54320728/policydocument-vs-assumerolepolicydocument,Lex,/users/615397/lex,11,1,5k
Temporarily Disabling Auto-Scaling Group's Scale-Down Only,/questions/54320625/temporarily-disabling-auto-scaling-groups-scale-down-only,michtan,/users/3676970/michtan,0,1,198
How to make AWS Lex bot prompt for followup after intent fulfillment (using Lambda)?,/questions/54320460/how-to-make-aws-lex-bot-prompt-for-followup-after-intent-fulfillment-using-lamb,JAO,/users/5123346/jao,2,1,3k
AWS API Gateway working through CURL but not working through javascript,/questions/54320336/aws-api-gateway-working-through-curl-but-not-working-through-javascript,Lemon Kazi,/users/2641347/lemon-kazi,1,1,2k
Redshift: Nested Loop Join in the query plan,/questions/54319847/redshift-nested-loop-join-in-the-query-plan,Oleg Pavliv,/users/59704/oleg-pavliv,1,0,3k
Why is Django-CMS not directly linking to my Cloudfront CDN and getting 404's for CKEditors static files?,/questions/54319844/why-is-django-cms-not-directly-linking-to-my-cloudfront-cdn-and-getting-404s-fo,Dameon,/users/3954535/dameon,0,1,214
aws glue incremental load relational database,/questions/54319745/aws-glue-incremental-load-relational-database,varun,/users/10953457/varun,0,1,1k
Amazon SageMaker factorisation machine rating matrix and endpoint,/questions/54319471/amazon-sagemaker-factorisation-machine-rating-matrix-and-endpoint,longsangstan,/users/3389128/longsangstan,0,1,214
Getting downloadable link to a file in EC2 Windows Server,/questions/54319438/getting-downloadable-link-to-a-file-in-ec2-windows-server,Ravi,/users/1002903/ravi,0,0,28
System.OperationCanceledException: The operation was canceled - AWS file services,/questions/54319289/system-operationcanceledexception-the-operation-was-canceled-aws-file-service,,,0,1,2k
serverless python getting unabe to import module handler and likely not dockerizing properly with sls deploy,/questions/54319245/serverless-python-getting-unabe-to-import-module-handler-and-likely-not-dockeriz,Rushi Parikh,/users/5927929/rushi-parikh,2,0,1k
ECS Application sourcebundle validation error: We expected a VALUE token but got: START_ARRAY,/questions/54319204/ecs-application-sourcebundle-validation-error-we-expected-a-value-token-but-got,Gabriel Henry J. Lopez,/users/7300099/gabriel-henry-j-lopez,1,1,1k
Getting snapshot cost based on tags,/questions/54318962/getting-snapshot-cost-based-on-tags,codec,/users/5996587/codec,3,2,2k
Why can't I upload a file to s3 with my Lambda function?,/questions/54318729/why-cant-i-upload-a-file-to-s3-with-my-lambda-function,Adrian Samuel,/users/10953074/adrian-samuel,4,2,7k
Build alex auto sdk for Android failure,/questions/54318486/build-alex-auto-sdk-for-android-failure,robin,/users/9063727/robin,1,1,284
Using PHP backend with React Application,/questions/54318074/using-php-backend-with-react-application,handsome,/users/2033678/handsome,7,2,10k
amazon aurora read_only {TrueIfReplica},/questions/54318025/amazon-aurora-read-only-trueifreplica,Chris Muench,/users/627473/chris-muench,1,0,788
Is there a way to parse the EMR MasterPublicDNS in Amazon Cloudformation?,/questions/54317971/is-there-a-way-to-parse-the-emr-masterpublicdns-in-amazon-cloudformation,BM22,/users/10952817/bm22,0,1,264
AWS RDS + Magento 2,/questions/54317834/aws-rds-magento-2,Mark,/users/2266945/mark,1,1,904
Cloudfront Lambda Egde bug? Change Response Status code in viewer response,/questions/54317134/cloudfront-lambda-egde-bug-change-response-status-code-in-viewer-response,Lucas Santos,/users/6506171/lucas-santos,1,0,913
AWS ECS Restart service if not running latest image,/questions/54317122/aws-ecs-restart-service-if-not-running-latest-image,JeffR,/users/1342185/jeffr,2,0,866
How do I import a Python lambda layer?,/questions/54317115/how-do-i-import-a-python-lambda-layer,Dr. Chocolate,/users/1821450/dr-chocolate,13,4,18k
Terraform Import - finding the resource id,/questions/54317047/terraform-import-finding-the-resource-id,Jeremy,/users/4064901/jeremy,1,1,2k
0.0,0.0,0.0,0.0,0.0,0.0,0.0
How to build a spark trainingImage for sagemaker,/questions/54341488/how-to-build-a-spark-trainingimage-for-sagemaker,Naveen Sharma,/users/4292176/naveen-sharma,-2,1,72
"How to fix ""DocumentDB data migration tool """,/questions/54341221/how-to-fix-documentdb-data-migration-tool,vishalsingh1347,/users/10657380/vishalsingh1347,1,2,531
"Expecting Ant GLOB pattern, but saw 'C:\Program Files (x86)\Jenkins\workspace\abc.zip",/questions/54341207/expecting-ant-glob-pattern-but-saw-c-program-files-x86-jenkins-workspace-ab,Suleman Mehmood,/users/9734658/suleman-mehmood,2,0,6k
Javascript variable loses value when string is taken from parsed JSON,/questions/54341174/javascript-variable-loses-value-when-string-is-taken-from-parsed-json,Robert Pelican,/users/9895395/robert-pelican,2,0,175
how to filter dictionary data in python for aws boto3 ec2 dedicated host,/questions/54341094/how-to-filter-dictionary-data-in-python-for-aws-boto3-ec2-dedicated-host,launchpad,/users/6430889/launchpad,0,1,1k
"When using Istio on EKS, how can I restrict the IPs in the security group rules that are created?",/questions/54341075/when-using-istio-on-eks-how-can-i-restrict-the-ips-in-the-security-group-rules,kenske,/users/1180762/kenske,3,1,2k
Upload files with name contains trailing slash to AWS S3 bucket,/questions/54340877/upload-files-with-name-contains-trailing-slash-to-aws-s3-bucket,morkan,/users/7189911/morkan,2,2,13k
Migrating from a public elastic cluster to VPC cluster,/questions/54340870/migrating-from-a-public-elastic-cluster-to-vpc-cluster,TheViralGriffin,/users/3241847/theviralgriffin,2,0,516
AttributeError: module '__main__' has no attribute 'text_process',/questions/54340746/attributeerror-module-main-has-no-attribute-text-process,Mudaser Ali,/users/1731823/mudaser-ali,5,0,1k
nested exception is java.util.concurrent.ExecutionException,/questions/54340716/nested-exception-is-java-util-concurrent-executionexception,Kshitiz Sharma,/users/9762714/kshitiz-sharma,0,1,5k
Uploading image with Uppy trough Shrine return 405 Method Not Allowed,/questions/54340524/uploading-image-with-uppy-trough-shrine-return-405-method-not-allowed,GYTO,/users/5116973/gyto,0,1,1k
Angular in node communication to python backend inside docker failed,/questions/54340400/angular-in-node-communication-to-python-backend-inside-docker-failed,Neron Joseph,/users/4082114/neron-joseph,1,1,305
AppSync BatchDeleteItem not executes properly,/questions/54340072/appsync-batchdeleteitem-not-executes-properly,Santanu Karar,/users/4227778/santanu-karar,0,1,613
Simple dynamic JTree-based S3 bucket/object chooser example,/questions/54339957/simple-dynamic-jtree-based-s3-bucket-object-chooser-example,brainstorm,/users/457116/brainstorm,1,1,160
How to conditionally update a resource in Terraform,/questions/54339739/how-to-conditionally-update-a-resource-in-terraform,clint,/users/2822112/clint,0,2,3k
How to reduce repeated HCL code in Terraform?,/questions/54339596/how-to-reduce-repeated-hcl-code-in-terraform,gacopu,/users/10178858/gacopu,0,1,128
How do I point Maven to use Java 8 and not Java 7 on my AWS EC2 instance?,/questions/54339488/how-do-i-point-maven-to-use-java-8-and-not-java-7-on-my-aws-ec2-instance,Nital,/users/2325154/nital,0,0,2k
AWS ubuntu SSL installed but not loading https or http,/questions/54338726/aws-ubuntu-ssl-installed-but-not-loading-https-or-http,Swapon,/users/9651355/swapon,0,0,339
Advantage of AWS SDK boto3 over AWS CLI commands [closed],/questions/54338549/advantage-of-aws-sdk-boto3-over-aws-cli-commands,Sivakumar Kayaroganam,/users/1557960/sivakumar-kayaroganam,2,2,3k
Dynamodb poor read performance,/questions/54338411/dynamodb-poor-read-performance,SangminKim,/users/3523935/sangminkim,1,1,6k
How to switch between roles from the ec2 cli?,/questions/54337921/how-to-switch-between-roles-from-the-ec2-cli,Nisman,/users/4592114/nisman,2,2,3k
After visiting my site I have to refresh for new content. I use cloudfront,/questions/54337846/after-visiting-my-site-i-have-to-refresh-for-new-content-i-use-cloudfront,Josh Rodarte,/users/10958743/josh-rodarte,1,2,834
"Python s3 copy_from fails if ""key"" has spaces in it. How to search through file contents and then print file name stored in S3 using python",/questions/54337096/python-s3-copy-from-fails-if-key-has-spaces-in-it-how-to-search-through-file,user2431858,/users/2431858/user2431858,0,0,895
Do I need a separate NAT gateway for each private subnet?,/questions/54336982/do-i-need-a-separate-nat-gateway-for-each-private-subnet,lfk,/users/5675130/lfk,18,1,14k
Spark dataframe writer class,/questions/54336962/spark-dataframe-writer-class,Lucas Roberts,/users/3164100/lucas-roberts,0,0,139
Python Socket Connection Hangs On Different Instance but Works on Same Instance,/questions/54336807/python-socket-connection-hangs-on-different-instance-but-works-on-same-instance,cssenior,/users/10257091/cssenior,0,1,481
Restricting the assumptions of a role on a per region basis,/questions/54336525/restricting-the-assumptions-of-a-role-on-a-per-region-basis,chrisrhyno2003,/users/5001360/chrisrhyno2003,0,1,531
Handle escaping for \r\n in spark csv,/questions/54336372/handle-escaping-for-r-n-in-spark-csv,vishnu ram,/users/9583259/vishnu-ram,1,2,9k
Pandas np.array column in AWS DLAMI,/questions/54336364/pandas-np-array-column-in-aws-dlami,Ryan Halabi,/users/5709763/ryan-halabi,1,1,103
AWS CodeBuild unable to download gradle wrapper,/questions/54336219/aws-codebuild-unable-to-download-gradle-wrapper,orestis,/users/2255571/orestis,0,1,486
"How To Filter, Pattern-Match Files on Retrieval from AWS S3 using .NET AWS SDK?",/questions/54336209/how-to-filter-pattern-match-files-on-retrieval-from-aws-s3-using-net-aws-sdk,rae1,/users/1250033/rae1,2,1,1k
Deploying .NET core code to AWS lambda with Azure Devops - project path not found,/questions/54336080/deploying-net-core-code-to-aws-lambda-with-azure-devops-project-path-not-foun,Luke Stanislaus,/users/9905213/luke-stanislaus,2,1,2k
OpenAPI and Lambda integration within API Gateway,/questions/54335872/openapi-and-lambda-integration-within-api-gateway,Kirk Broadhurst,/users/146077/kirk-broadhurst,6,0,621
PHP: Should I use sleep or cron to conditionally wait 5 minutes?,/questions/54335553/php-should-i-use-sleep-or-cron-to-conditionally-wait-5-minutes,Cohaven,/users/9104353/cohaven,0,0,219
Getting containers to talk to each other in Elastic Container Service (ECS)?,/questions/54334604/getting-containers-to-talk-to-each-other-in-elastic-container-service-ecs,Melvin,/users/6311964/melvin,1,1,2k
AWS DMS (Data Migration Service) Table Full Load Timeout after 5 minutes,/questions/54334568/aws-dms-data-migration-service-table-full-load-timeout-after-5-minutes,henkesde92,/users/7592154/henkesde92,1,1,3k
AWS ELB Logging to S3 with X-Forwarded-For as Client IP,/questions/54334555/aws-elb-logging-to-s3-with-x-forwarded-for-as-client-ip,Shaun O,/users/3137861/shaun-o,3,0,2k
How can I quickly debug a SageMaker training script?,/questions/54334462/how-can-i-quickly-debug-a-sagemaker-training-script,King Dedede,/users/4259581/king-dedede,4,3,2k
Cant create aws ec2 Certificate. Body must not contain a private key,/questions/54334343/cant-create-aws-ec2-certificate-body-must-not-contain-a-private-key,Nov,/users/9615772/nov,0,1,273
"Subtract days from date, and then round result to end of week date in Redshift",/questions/54334193/subtract-days-from-date-and-then-round-result-to-end-of-week-date-in-redshift,nz426,/users/10902587/nz426,0,2,1k
How to use password instead of key pairs ubuntu?,/questions/54333992/how-to-use-password-instead-of-key-pairs-ubuntu,NekrosBurek,/users/10058194/nekrosburek,0,1,680
How to Pass Parameter values to python Boto3 script using AJAX,/questions/54333900/how-to-pass-parameter-values-to-python-boto3-script-using-ajax,steve,/users/8521384/steve,0,0,159
Type Mismatch for Index Key personID Expected: S Actual B DynamoDB Save Error in Java,/questions/54333713/type-mismatch-for-index-key-personid-expected-s-actual-b-dynamodb-save-error-in,SanD,/users/2814387/sand,0,1,3k
Assets Precompile with Docker on AWS Elastic Beanstalk,/questions/54333647/assets-precompile-with-docker-on-aws-elastic-beanstalk,Asdrubal,/users/1176706/asdrubal,1,1,658
ECS multiple tasks of same service behaviour for scheduler,/questions/54333616/ecs-multiple-tasks-of-same-service-behaviour-for-scheduler,Mihir Shah,/users/929059/mihir-shah,0,1,802
"AWS Lambda Function works when tested on console, but not when CloudWatch event triggers it",/questions/54333532/aws-lambda-function-works-when-tested-on-console-but-not-when-cloudwatch-event,Soumik Sur,/users/8301717/soumik-sur,0,1,285
Best AWS Cloud Service for Data Storage of Points on a map,/questions/54333232/best-aws-cloud-service-for-data-storage-of-points-on-a-map,Jared Price,/users/2061451/jared-price,1,0,48
Unable to use API Gateway with gzip,/questions/54332892/unable-to-use-api-gateway-with-gzip,Nikhil Baliga,/users/1097277/nikhil-baliga,1,0,620
AWS Glue crawler need to create one table from many files with identical schemas,/questions/54332699/aws-glue-crawler-need-to-create-one-table-from-many-files-with-identical-schemas,David,/users/5794417/david,7,2,5k
Bad Request when retrieving image using ActiveStorage and Amazon S3,/questions/54332591/bad-request-when-retrieving-image-using-activestorage-and-amazon-s3,aahrens,/users/315471/aahrens,0,1,589
0.0,0.0,0.0,0.0,0.0,0.0,0.0
Can't register ecs task with docker hub private repository image,/questions/54301285/cant-register-ecs-task-with-docker-hub-private-repository-image,Vic,/users/5425414/vic,0,0,650
Unable to run AWS -Nuke,/questions/54301200/unable-to-run-aws-nuke,onkar,/users/1887603/onkar,6,1,7k
Using AWS Cognito to Create New User with Serverless Framework,/questions/54301134/using-aws-cognito-to-create-new-user-with-serverless-framework,user2465134,/users/2465134/user2465134,0,0,439
HMAC SQL Server to MySQL function,/questions/54301110/hmac-sql-server-to-mysql-function,user6110939,/users/6110939/user6110939,0,0,359
"Python - put_item() S3, Lambda, DynamoDB -- An error occurred (ValidationException)",/questions/54300523/python-put-item-s3-lambda-dynamodb-an-error-occurred-validationexcepti,Cody Mitchell,/users/5906119/cody-mitchell,2,1,3k
"How to send static files (CSS, js) with nodejs express on AWS Bitnami server?",/questions/54300373/how-to-send-static-files-css-js-with-nodejs-express-on-aws-bitnami-server,joecap5,/users/4914334/joecap5,0,1,581
Connect to AWS RDS Postgres database with python,/questions/54300263/connect-to-aws-rds-postgres-database-with-python,Roman,/users/3421652/roman,19,2,40k
error: uncaughtException: provider.getConfiguredPinpointClient is not a function,/questions/54300091/error-uncaughtexception-provider-getconfiguredpinpointclient-is-not-a-function,arete,/users/1148547/arete,0,1,59
How can I set the AWS API Gateway timeout higher than 30 seconds?,/questions/54299958/how-can-i-set-the-aws-api-gateway-timeout-higher-than-30-seconds,Kamilski81,/users/688266/kamilski81,51,7,79k
Problem running AWS Lambda function with Sharp library,/questions/54299821/problem-running-aws-lambda-function-with-sharp-library,ElektrikSpark,/users/9221908/elektrikspark,3,4,6k
Alexa Reminders API 401 response,/questions/54299723/alexa-reminders-api-401-response,dddkk,/users/3454324/dddkk,1,2,745
AWS CLI - aws ec2 describe-instances to retrieve keypair mame for each EC2 instance,/questions/54299615/aws-cli-aws-ec2-describe-instances-to-retrieve-keypair-mame-for-each-ec2-insta,Faris,/users/5353813/faris,0,3,2k
Kubernetes cluster still running even after deleting,/questions/54299565/kubernetes-cluster-still-running-even-after-deleting,jile singh sorout,/users/7549976/jile-singh-sorout,2,4,2k
Unable to connect to MongoDB on EC2,/questions/54299503/unable-to-connect-to-mongodb-on-ec2,heart_coder,/users/1287716/heart-coder,0,1,543
Why amazon emails goes to spam,/questions/54299117/why-amazon-emails-goes-to-spam,Fury,/users/1626398/fury,0,1,480
Debugging Laravel application and how it is running?,/questions/54299098/debugging-laravel-application-and-how-it-is-running,Vishaal Kalwani,/users/2471176/vishaal-kalwani,2,0,741
Input from Amazon connect to Lambda function contains phone number as +1 always; even if I am calling from Germany number,/questions/54298343/input-from-amazon-connect-to-lambda-function-contains-phone-number-as-1-always,Sanjay,/users/4635173/sanjay,0,1,121
How to get the value from an api call and store it in a variable and updated a dynamodb record,/questions/54298064/how-to-get-the-value-from-an-api-call-and-store-it-in-a-variable-and-updated-a-d,kilomo500,/users/9667978/kilomo500,0,1,395
Permission error launching Node.js container in AWS ElasticBeanstalk,/questions/54298035/permission-error-launching-node-js-container-in-aws-elasticbeanstalk,TheMean Won,/users/5812015/themean-won,0,1,213
How to integrate Palantir Foundry with Amazon S3 or HDFS,/questions/54297507/how-to-integrate-palantir-foundry-with-amazon-s3-or-hdfs,Saurabh Chakraborty,/users/10898828/saurabh-chakraborty,4,2,2k
How to import compressed .csv file from AWS-EFS to MariaDB Cluster,/questions/54297421/how-to-import-compressed-csv-file-from-aws-efs-to-mariadb-cluster,JohnDoe999,/users/6809558/johndoe999,0,1,162
"While running my python code it is giving me error ""ssl.SSLError: [SSL: CERTIFICATE_VERIFY_FAILED] certificate verify failed (_ssl.c:726)""",/questions/54297374/while-running-my-python-code-it-is-giving-me-error-ssl-sslerror-ssl-certific,h0lmes221B,/users/7240166/h0lmes221b,0,1,5k
How to support multi-lingual email in AWS Forgot Password scenario,/questions/54297360/how-to-support-multi-lingual-email-in-aws-forgot-password-scenario,Nir,/users/2715856/nir,3,1,364
Chromedriver couldn't open chrome browser on AWS EC2,/questions/54297224/chromedriver-couldnt-open-chrome-browser-on-aws-ec2,user2763281,/users/2763281/user2763281,0,1,2k
"Sending an eMail with Lambda, NodeJs and Nodemailer doesn't work",/questions/54296952/sending-an-email-with-lambda-nodejs-and-nodemailer-doesnt-work,Liz Zarate,/users/10945888/liz-zarate,3,2,8k
AMI not enabled for ENA,/questions/54296949/ami-not-enabled-for-ena,Rash,/users/1834562/rash,1,2,5k
Amazon web Services actual Storage procedure,/questions/54296798/amazon-web-services-actual-storage-procedure,raju vemula,/users/10900073/raju-vemula,0,1,30
How to grant access to android app users for AWS S3 Objects?,/questions/54296713/how-to-grant-access-to-android-app-users-for-aws-s3-objects,Huseyin Sahin,/users/10392737/huseyin-sahin,1,1,1k
Message Template placeholders on AWS Cognito,/questions/54296650/message-template-placeholders-on-aws-cognito,Alessandro Cappello,/users/2139797/alessandro-cappello,3,1,3k
Unable to download files from S3 after KMS encryption,/questions/54296318/unable-to-download-files-from-s3-after-kms-encryption,asur,/users/7224714/asur,2,2,4k
AmazonSQSClient not refreshing AWSCredentials when Credentials File is updated,/questions/54296016/amazonsqsclient-not-refreshing-awscredentials-when-credentials-file-is-updated,dungeym,/users/10946372/dungeym,0,2,967
How do I load PATH variables when starting node process with systemctl?,/questions/54295966/how-do-i-load-path-variables-when-starting-node-process-with-systemctl,kauffmanes,/users/3239219/kauffmanes,1,0,82
"""from a import b"" not working, but I can import a and then use a.b",/questions/54295902/from-a-import-b-not-working-but-i-can-import-a-and-then-use-a-b,Jericho,/users/7163811/jericho,1,1,208
Kubernetes pre-delete hook blocks helm delete if deployment fails,/questions/54295782/kubernetes-pre-delete-hook-blocks-helm-delete-if-deployment-fails,Clon15323,/users/5393434/clon15323,0,1,2k
Graphite: Carbon Aggregator dropping data?,/questions/54295727/graphite-carbon-aggregator-dropping-data,Alexander Phoenix,/users/5252105/alexander-phoenix,1,1,370
serialize map of maps to dyanmodb to json,/questions/54295580/serialize-map-of-maps-to-dyanmodb-to-json,tsingh,/users/3935670/tsingh,0,0,350
TensorFlow Serving send data as b64 instead of Numpy Array,/questions/54295445/tensorflow-serving-send-data-as-b64-instead-of-numpy-array,Austin,/users/2089899/austin,2,1,878
doctrine/dbal not installing on live server,/questions/54295402/doctrine-dbal-not-installing-on-live-server,Lokendra Parihar,/users/5881430/lokendra-parihar,1,0,73
accessing environment variable in gocd pipeline for aws EMR add step,/questions/54295281/accessing-environment-variable-in-gocd-pipeline-for-aws-emr-add-step,Girish Gupta,/users/1061664/girish-gupta,0,1,365
Django and Elasticbeanstalk: a column that has been deleted on local hasn't been deleted on RDS,/questions/54295234/django-and-elasticbeanstalk-a-column-that-has-been-deleted-on-local-hasnt-been,,,0,1,119
How does the hourly price in AWS works when building an API?,/questions/54295125/how-does-the-hourly-price-in-aws-works-when-building-an-api,Mojimi,/users/3529833/mojimi,1,1,47
How to restrict access to a lambda,/questions/54295034/how-to-restrict-access-to-a-lambda,George K,/users/9714877/george-k,1,2,3k
how to develop and test a python AWS-lambda on local machine which is dependent on an S3 bucket,/questions/54294795/how-to-develop-and-test-a-python-aws-lambda-on-local-machine-which-is-dependent,user3062260,/users/3062260/user3062260,4,0,2k
AWS Data Pipeline - RedshiftCopyActvity - Redshift to S3 - Set to pipe delimited,/questions/54294794/aws-data-pipeline-redshiftcopyactvity-redshift-to-s3-set-to-pipe-delimited,todd.pund,/users/1069832/todd-pund,0,0,436
Alexa skills - fulfilling another slot in slot filling process,/questions/54294788/alexa-skills-fulfilling-another-slot-in-slot-filling-process,DavidCG,/users/6237368/davidcg,0,1,431
Use S3 as a database by reading and writing in SQL,/questions/54294761/use-s3-as-a-database-by-reading-and-writing-in-sql,stackoverflowthebest,/users/4078740/stackoverflowthebest,1,2,1k
Do CloudFormation target name or resources?,/questions/54294615/do-cloudformation-target-name-or-resources,shrimpy,/users/10228808/shrimpy,0,1,40
Cloud9 C++ Breakpoints,/questions/54294352/cloud9-c-breakpoints,John Denver,/users/8216464/john-denver,1,1,392
How install python hunspell on aws-lambda,/questions/54294253/how-install-python-hunspell-on-aws-lambda,Sachdev mavrik,/users/10945924/sachdev-mavrik,2,0,186
Error handling for AWS SQS with Lambda triggers and reserved capacity,/questions/54293813/error-handling-for-aws-sqs-with-lambda-triggers-and-reserved-capacity,Fred Liporace,/users/1259982/fred-liporace,1,1,2k
0.0,0.0,0.0,0.0,0.0,0.0,0.0
"Sending an eMail with Lambda, NodeJs and Nodemailer doesn't work",/questions/54296952/sending-an-email-with-lambda-nodejs-and-nodemailer-doesnt-work,Liz Zarate,/users/10945888/liz-zarate,3,2,8k
AMI not enabled for ENA,/questions/54296949/ami-not-enabled-for-ena,Rash,/users/1834562/rash,1,2,5k
Amazon web Services actual Storage procedure,/questions/54296798/amazon-web-services-actual-storage-procedure,raju vemula,/users/10900073/raju-vemula,0,1,30
How to grant access to android app users for AWS S3 Objects?,/questions/54296713/how-to-grant-access-to-android-app-users-for-aws-s3-objects,Huseyin Sahin,/users/10392737/huseyin-sahin,1,1,1k
Message Template placeholders on AWS Cognito,/questions/54296650/message-template-placeholders-on-aws-cognito,Alessandro Cappello,/users/2139797/alessandro-cappello,3,1,3k
Unable to download files from S3 after KMS encryption,/questions/54296318/unable-to-download-files-from-s3-after-kms-encryption,asur,/users/7224714/asur,2,2,4k
AmazonSQSClient not refreshing AWSCredentials when Credentials File is updated,/questions/54296016/amazonsqsclient-not-refreshing-awscredentials-when-credentials-file-is-updated,dungeym,/users/10946372/dungeym,0,2,967
How do I load PATH variables when starting node process with systemctl?,/questions/54295966/how-do-i-load-path-variables-when-starting-node-process-with-systemctl,kauffmanes,/users/3239219/kauffmanes,1,0,82
"""from a import b"" not working, but I can import a and then use a.b",/questions/54295902/from-a-import-b-not-working-but-i-can-import-a-and-then-use-a-b,Jericho,/users/7163811/jericho,1,1,208
Kubernetes pre-delete hook blocks helm delete if deployment fails,/questions/54295782/kubernetes-pre-delete-hook-blocks-helm-delete-if-deployment-fails,Clon15323,/users/5393434/clon15323,0,1,2k
Graphite: Carbon Aggregator dropping data?,/questions/54295727/graphite-carbon-aggregator-dropping-data,Alexander Phoenix,/users/5252105/alexander-phoenix,1,1,370
serialize map of maps to dyanmodb to json,/questions/54295580/serialize-map-of-maps-to-dyanmodb-to-json,tsingh,/users/3935670/tsingh,0,0,350
TensorFlow Serving send data as b64 instead of Numpy Array,/questions/54295445/tensorflow-serving-send-data-as-b64-instead-of-numpy-array,Austin,/users/2089899/austin,2,1,878
doctrine/dbal not installing on live server,/questions/54295402/doctrine-dbal-not-installing-on-live-server,Lokendra Parihar,/users/5881430/lokendra-parihar,1,0,73
accessing environment variable in gocd pipeline for aws EMR add step,/questions/54295281/accessing-environment-variable-in-gocd-pipeline-for-aws-emr-add-step,Girish Gupta,/users/1061664/girish-gupta,0,1,365
Django and Elasticbeanstalk: a column that has been deleted on local hasn't been deleted on RDS,/questions/54295234/django-and-elasticbeanstalk-a-column-that-has-been-deleted-on-local-hasnt-been,,,0,1,119
How does the hourly price in AWS works when building an API?,/questions/54295125/how-does-the-hourly-price-in-aws-works-when-building-an-api,Mojimi,/users/3529833/mojimi,1,1,47
How to restrict access to a lambda,/questions/54295034/how-to-restrict-access-to-a-lambda,George K,/users/9714877/george-k,1,2,3k
how to develop and test a python AWS-lambda on local machine which is dependent on an S3 bucket,/questions/54294795/how-to-develop-and-test-a-python-aws-lambda-on-local-machine-which-is-dependent,user3062260,/users/3062260/user3062260,4,0,2k
AWS Data Pipeline - RedshiftCopyActvity - Redshift to S3 - Set to pipe delimited,/questions/54294794/aws-data-pipeline-redshiftcopyactvity-redshift-to-s3-set-to-pipe-delimited,todd.pund,/users/1069832/todd-pund,0,0,436
Alexa skills - fulfilling another slot in slot filling process,/questions/54294788/alexa-skills-fulfilling-another-slot-in-slot-filling-process,DavidCG,/users/6237368/davidcg,0,1,431
Use S3 as a database by reading and writing in SQL,/questions/54294761/use-s3-as-a-database-by-reading-and-writing-in-sql,stackoverflowthebest,/users/4078740/stackoverflowthebest,1,2,1k
Do CloudFormation target name or resources?,/questions/54294615/do-cloudformation-target-name-or-resources,shrimpy,/users/10228808/shrimpy,0,1,40
Cloud9 C++ Breakpoints,/questions/54294352/cloud9-c-breakpoints,John Denver,/users/8216464/john-denver,1,1,392
How install python hunspell on aws-lambda,/questions/54294253/how-install-python-hunspell-on-aws-lambda,Sachdev mavrik,/users/10945924/sachdev-mavrik,2,0,186
Error handling for AWS SQS with Lambda triggers and reserved capacity,/questions/54293813/error-handling-for-aws-sqs-with-lambda-triggers-and-reserved-capacity,Fred Liporace,/users/1259982/fred-liporace,1,1,2k
Can't access ec2 instance via fsockopen in PHP pointed at my ec2 public IP and designated port,/questions/54293718/cant-access-ec2-instance-via-fsockopen-in-php-pointed-at-my-ec2-public-ip-and-d,Leamsi,/users/8603888/leamsi,0,1,223
Why does failed dynamodb query fail with cors error on localhost instead of actual error?,/questions/54293681/why-does-failed-dynamodb-query-fail-with-cors-error-on-localhost-instead-of-actu,piisexactly3,/users/1426754/piisexactly3,0,0,567
Spring OAuth2 pass state parameter,/questions/54293414/spring-oauth2-pass-state-parameter,Justin G.,/users/5896378/justin-g,0,2,1k
"Deploy issues with deploying to elastic beanstalk ""Refusing to delete""",/questions/54293275/deploy-issues-with-deploying-to-elastic-beanstalk-refusing-to-delete,mertje,/users/3680982/mertje,2,1,756
Loading a pickle package in AWS EC2 instance,/questions/54293229/loading-a-pickle-package-in-aws-ec2-instance,Arindam Bose,/users/9540202/arindam-bose,2,1,518
How to unit test an AWS SDK method called in a separate method?,/questions/54293130/how-to-unit-test-an-aws-sdk-method-called-in-a-separate-method,RSM,/users/383691/rsm,1,1,1k
S3 Creation CloudFormation results in 400 Bad Request,/questions/54292997/s3-creation-cloudformation-results-in-400-bad-request,Ben,/users/8902312/ben,14,3,9k
Java generics for setting up the default AWS clients,/questions/54292643/java-generics-for-setting-up-the-default-aws-clients,user3139545,/users/3139545/user3139545,3,3,665
What does s3fs cache in /tmp?,/questions/54292365/what-does-s3fs-cache-in-tmp,DenCowboy,/users/6077803/dencowboy,8,1,15k
How to add a second registered target (with a different port) to an alb target group pointing at a task definition,/questions/54292140/how-to-add-a-second-registered-target-with-a-different-port-to-an-alb-target-g,acrawley,/users/4921552/acrawley,2,1,2k
How to Deploy a Laravel Application to Amazon Web Server AWS,/questions/54291793/how-to-deploy-a-laravel-application-to-amazon-web-server-aws,Debu,/users/8731624/debu,1,0,60
How to specify join types in AWS Glue?,/questions/54291775/how-to-specify-join-types-in-aws-glue,Vikas Roy,/users/8854861/vikas-roy,8,2,15k
How to pass parameters to a Lambda function using API gateway for querying items from DynamoDB?,/questions/54291603/how-to-pass-parameters-to-a-lambda-function-using-api-gateway-for-querying-items,Balaji Kartheeswaran,/users/1745446/balaji-kartheeswaran,2,1,10k
Why are there a mass of tasks for loading a CSV file in S3 bucket?,/questions/54291118/why-are-there-a-mass-of-tasks-for-loading-a-csv-file-in-s3-bucket,levi,/users/10722735/levi,1,3,95
Why does AWS firewall not permit remote connection from my work computer?,/questions/54290759/why-does-aws-firewall-not-permit-remote-connection-from-my-work-computer,Mr. Vanderstelt,/users/8967043/mr-vanderstelt,-1,1,56
how to download S3 file in Serverless Lambda (Python),/questions/54290649/how-to-download-s3-file-in-serverless-lambda-python,Phong Vu,/users/7915196/phong-vu,10,2,31k
Codedeploy setup,/questions/54290536/codedeploy-setup,Atif Javed,/users/7585394/atif-javed,0,1,420
Upload image from blob url to s3 bucket,/questions/54290391/upload-image-from-blob-url-to-s3-bucket,vam,/users/4505884/vam,0,1,7k
Why does an assert(s_monitors) in MonitoringManager::OnRequestSucceeded() fail?,/questions/54290073/why-does-an-asserts-monitors-in-monitoringmanageronrequestsucceeded-fail,Michael Kemmerzell,/users/10493338/michael-kemmerzell,2,1,322
How to make AWS REST API return a JSON instead of XML,/questions/54289525/how-to-make-aws-rest-api-return-a-json-instead-of-xml,Eden,/users/568689/eden,7,2,5k
How to serverside order/sort query results in amplify-cli,/questions/54289250/how-to-serverside-order-sort-query-results-in-amplify-cli,user2329258,/users/2329258/user2329258,4,1,642
"AWS Sagemaker init 1K+ models ""endpoints""?",/questions/54288886/aws-sagemaker-init-1k-models-endpoints,Christian,/users/2586303/christian,0,1,186
Handling the multiple values for single key in the API URL,/questions/54288089/handling-the-multiple-values-for-single-key-in-the-api-url,Shoba,/users/7528711/shoba,1,0,700
AWS Glue request limit,/questions/54288038/aws-glue-request-limit,L0cu2s,/users/5907520/l0cu2s,0,2,3k
0.0,0.0,0.0,0.0,0.0,0.0,0.0
Is it possible to migrate existing Google and Facebook OAuth users to a new AWS Cognito user pool?,/questions/54283796/is-it-possible-to-migrate-existing-google-and-facebook-oauth-users-to-a-new-aws,Jonathan Holvey,/users/3803805/jonathan-holvey,9,0,380
AWS Cognito Logging,/questions/54283528/aws-cognito-logging,andy,/users/7911387/andy,6,1,3k
AWS CloudFront Caching Issue,/questions/54283478/aws-cloudfront-caching-issue,RRM1000,/users/571335/rrm1000,0,2,2k
How do I stop Cloudfront from caching a HEAD request independently of the GET request?,/questions/54283027/how-do-i-stop-cloudfront-from-caching-a-head-request-independently-of-the-get-re,Ryan,/users/563394/ryan,0,1,689
AWS S3 filenaming when using MediaConvert,/questions/54282991/aws-s3-filenaming-when-using-mediaconvert,dreza,/users/799014/dreza,4,0,354
Why is refreshing my Angular 6 project on S3/Cloudfront causing errors?,/questions/54282745/why-is-refreshing-my-angular-6-project-on-s3-cloudfront-causing-errors,Devstar34,/users/9899126/devstar34,4,4,3k
Should unused tables be archived?,/questions/54282650/should-unused-tables-be-archived,Kartik,/users/1039555/kartik,0,3,168
Invalidating index.html with s3cmd,/questions/54282557/invalidating-index-html-with-s3cmd,alexandernst,/users/940158/alexandernst,1,0,174
Implementing test runner for testng cucumber appium tests,/questions/54282521/implementing-test-runner-for-testng-cucumber-appium-tests,danwoodbury,/users/3002733/danwoodbury,1,0,327
Can I use tensor flow GPU without a graphics card? Outsource training to AWS/Cloud?,/questions/54282272/can-i-use-tensor-flow-gpu-without-a-graphics-card-outsource-training-to-aws-clo,Markus T.,/users/8238288/markus-t,0,2,81
Cognito Lambda trigger socket timeout [duplicate],/questions/54282264/cognito-lambda-trigger-socket-timeout,TemporaryFix,/users/3135974/temporaryfix,5,2,5k
How to safely remove the active task in AWS?,/questions/54282250/how-to-safely-remove-the-active-task-in-aws,code-8,/users/4480164/code-8,0,2,1k
Why do I get a 502 when I attempt to access ELB DNS,/questions/54282240/why-do-i-get-a-502-when-i-attempt-to-access-elb-dns,Brandon Avant,/users/4647863/brandon-avant,2,2,1k
Rails db:migrate defaulting to local socket connection in production environment,/questions/54282230/rails-dbmigrate-defaulting-to-local-socket-connection-in-production-environment,Drew Johnston,/users/9326108/drew-johnston,0,0,378
Where is the jar for software.amazon.kinesis.*,/questions/54282117/where-is-the-jar-for-software-amazon-kinesis,jtalics,/users/9637364/jtalics,-1,2,2k
java oracle database change notification,/questions/54281990/java-oracle-database-change-notification,user3056368,/users/3056368/user3056368,0,1,111
Node/Mongoose returning only returning one document when using find() on production server,/questions/54281942/node-mongoose-returning-only-returning-one-document-when-using-find-on-product,sails44,/users/5698625/sails44,0,0,52
Script mode py3 and lack of output in s3 after successful training,/questions/54281805/script-mode-py3-and-lack-of-output-in-s3-after-successful-training,Higeath,/users/10648778/higeath,0,3,494
boto3 lambda call to run ECS task requires hardcoding in a revision number?,/questions/54281442/boto3-lambda-call-to-run-ecs-task-requires-hardcoding-in-a-revision-number,Yu Chen,/users/5865514/yu-chen,17,1,12k
Authenticate AppSync request with adminInitiateAuth,/questions/54281020/authenticate-appsync-request-with-admininitiateauth,Gerharddc,/users/637888/gerharddc,0,1,257
Not able to access AWS EC2 instance when connected to VPN,/questions/54280610/not-able-to-access-aws-ec2-instance-when-connected-to-vpn,Akshansh Jain,/users/5214137/akshansh-jain,1,0,1k
Unable To Execute AWS CLI Inside Bash Script via Jenkinsfile,/questions/54279955/unable-to-execute-aws-cli-inside-bash-script-via-jenkinsfile,Theo Sweeny,/users/8323582/theo-sweeny,0,1,494
Issue deploying script to AWS Lambda,/questions/54279826/issue-deploying-script-to-aws-lambda,FreeLand,/users/6549139/freeland,2,1,668
How to authenticate to AWS using federation to launch ec2 instance,/questions/54279668/how-to-authenticate-to-aws-using-federation-to-launch-ec2-instance,Sam Jay,/users/10732569/sam-jay,0,1,414
lambda cold start time increased with code size/Python imports,/questions/54279611/lambda-cold-start-time-increased-with-code-size-python-imports,skunkwerk,/users/1316252/skunkwerk,0,2,2k
EC2 Instance status,/questions/54279215/ec2-instance-status,Saje Sana,/users/10941432/saje-sana,-2,2,1k
ELASTIC SEARCH SERVICE AWS: scroll api do not give me expected response,/questions/54277997/elastic-search-service-aws-scroll-api-do-not-give-me-expected-response,ilce,/users/1785053/ilce,0,1,298
Deploy my REST API's on AWS when the API's aren't supposed to be public API,/questions/54277677/deploy-my-rest-apis-on-aws-when-the-apis-arent-supposed-to-be-public-api,Metalhead,/users/746823/metalhead,0,1,175
I do not know what data type to choose for Microsoft SQL Server IDs,/questions/54277594/i-do-not-know-what-data-type-to-choose-for-microsoft-sql-server-ids,TonyMa,/users/9261186/tonyma,0,2,128
Go isn't detecting SOMAXCONN changes from aws ubuntu server,/questions/54277565/go-isnt-detecting-somaxconn-changes-from-aws-ubuntu-server,Joaco Terniro,/users/4778488/joaco-terniro,0,1,563
Laravel 5.7 schedule via cron on AWS EC2 linux ami - commands not running,/questions/54276044/laravel-5-7-schedule-via-cron-on-aws-ec2-linux-ami-commands-not-running,paresh kalsariya,/users/10170590/paresh-kalsariya,2,1,974
S3 updated with SSL but updates to raw html not propagating,/questions/54275655/s3-updated-with-ssl-but-updates-to-raw-html-not-propagating,Smiles,/users/10940255/smiles,-2,1,82
Adding member to existing hyperledger Fabric 1.2 network on amazonmanaged blockchain,/questions/54275221/adding-member-to-existing-hyperledger-fabric-1-2-network-on-amazonmanaged-blockc,Moolshanker Kothari,/users/5944021/moolshanker-kothari,1,1,248
best strategy to query items from dynamodb,/questions/54275161/best-strategy-to-query-items-from-dynamodb,gka,/users/3868287/gka,0,2,682
How do you calculate a statistically significant sample size based off of the total number of records? (Postgres),/questions/54275005/how-do-you-calculate-a-statistically-significant-sample-size-based-off-of-the-to,nz426,/users/10902587/nz426,0,1,640
Deploy and expose chaincode as REST api on amazon managed blockchain hyperledger fabric 1.2,/questions/54274351/deploy-and-expose-chaincode-as-rest-api-on-amazon-managed-blockchain-hyperledger,Moolshanker Kothari,/users/5944021/moolshanker-kothari,0,1,965
How to delete Cloudwatch alarms through AWS-CLI?,/questions/54274338/how-to-delete-cloudwatch-alarms-through-aws-cli,akshay_008,/users/10939430/akshay-008,6,1,2k
AWS CloudFormation: Failed to run cfn-init,/questions/54274337/aws-cloudformation-failed-to-run-cfn-init,shantanuo,/users/139150/shantanuo,0,2,1k
How to persist 'defaults' local state in AppSyncClient using the in-built cache,/questions/54273994/how-to-persist-defaults-local-state-in-appsyncclient-using-the-in-built-cache,uxxi,/users/7093095/uxxi,3,0,280
How to add livy interpreter to Zeppelin running on EMR cluster,/questions/54273630/how-to-add-livy-interpreter-to-zeppelin-running-on-emr-cluster,Bay Max,/users/5222352/bay-max,0,0,205
sql sub queries aggregation,/questions/54273181/sql-sub-queries-aggregation,S. Mitchell,/users/10939351/s-mitchell,1,1,38
How do I configure Amplify to to use multiple AppSync endpoints?,/questions/54273144/how-do-i-configure-amplify-to-to-use-multiple-appsync-endpoints,Fook,/users/428928/fook,4,2,3k
Managing changes from different remote repositories,/questions/54273103/managing-changes-from-different-remote-repositories,Ryjhan,/users/6624034/ryjhan,0,0,21
Email address not verified when I try to use aws ses in localstack,/questions/54272839/email-address-not-verified-when-i-try-to-use-aws-ses-in-localstack,justMiLa,/users/3042194/justmila,6,1,4k
Keep getting 502 on a Lambda request with API Gateway. No 'Access-Control-Allow-Origin' header is present on the requested resource,/questions/54272682/keep-getting-502-on-a-lambda-request-with-api-gateway-no-access-control-allow,Mike Boutin,/users/1060566/mike-boutin,0,1,778
Refactor repeated parameters in cloud formation template?,/questions/54272425/refactor-repeated-parameters-in-cloud-formation-template,JavascriptLoser,/users/3989939/javascriptloser,1,2,1k
How to set default values in list of dictionary python? [closed],/questions/54271410/how-to-set-default-values-in-list-of-dictionary-python,rsram312,/users/5858431/rsram312,-1,2,2k
How can I make my AWS Elastic Search Service Private?,/questions/54270965/how-can-i-make-my-aws-elastic-search-service-private,Will,/users/9096039/will,2,2,404
Mongoose- a single statement to update a field after usage,/questions/54270856/mongoose-a-single-statement-to-update-a-field-after-usage,Sonic_,/users/10584057/sonic,0,0,38
Amazon S3 caching does not work even if I have set metadata cache control to several days,/questions/54270853/amazon-s3-caching-does-not-work-even-if-i-have-set-metadata-cache-control-to-sev,Luca,/users/10938589/luca,0,1,177
0.0,0.0,0.0,0.0,0.0,0.0,0.0
Unable to run AWS -Nuke,/questions/54301200/unable-to-run-aws-nuke,onkar,/users/1887603/onkar,6,1,7k
Using AWS Cognito to Create New User with Serverless Framework,/questions/54301134/using-aws-cognito-to-create-new-user-with-serverless-framework,user2465134,/users/2465134/user2465134,0,0,439
HMAC SQL Server to MySQL function,/questions/54301110/hmac-sql-server-to-mysql-function,user6110939,/users/6110939/user6110939,0,0,359
"Python - put_item() S3, Lambda, DynamoDB -- An error occurred (ValidationException)",/questions/54300523/python-put-item-s3-lambda-dynamodb-an-error-occurred-validationexcepti,Cody Mitchell,/users/5906119/cody-mitchell,2,1,3k
"How to send static files (CSS, js) with nodejs express on AWS Bitnami server?",/questions/54300373/how-to-send-static-files-css-js-with-nodejs-express-on-aws-bitnami-server,joecap5,/users/4914334/joecap5,0,1,581
Connect to AWS RDS Postgres database with python,/questions/54300263/connect-to-aws-rds-postgres-database-with-python,Roman,/users/3421652/roman,19,2,40k
error: uncaughtException: provider.getConfiguredPinpointClient is not a function,/questions/54300091/error-uncaughtexception-provider-getconfiguredpinpointclient-is-not-a-function,arete,/users/1148547/arete,0,1,59
How can I set the AWS API Gateway timeout higher than 30 seconds?,/questions/54299958/how-can-i-set-the-aws-api-gateway-timeout-higher-than-30-seconds,Kamilski81,/users/688266/kamilski81,51,7,79k
Problem running AWS Lambda function with Sharp library,/questions/54299821/problem-running-aws-lambda-function-with-sharp-library,ElektrikSpark,/users/9221908/elektrikspark,3,4,6k
Alexa Reminders API 401 response,/questions/54299723/alexa-reminders-api-401-response,dddkk,/users/3454324/dddkk,1,2,745
AWS CLI - aws ec2 describe-instances to retrieve keypair mame for each EC2 instance,/questions/54299615/aws-cli-aws-ec2-describe-instances-to-retrieve-keypair-mame-for-each-ec2-insta,Faris,/users/5353813/faris,0,3,2k
Kubernetes cluster still running even after deleting,/questions/54299565/kubernetes-cluster-still-running-even-after-deleting,jile singh sorout,/users/7549976/jile-singh-sorout,2,4,2k
Unable to connect to MongoDB on EC2,/questions/54299503/unable-to-connect-to-mongodb-on-ec2,heart_coder,/users/1287716/heart-coder,0,1,543
Why amazon emails goes to spam,/questions/54299117/why-amazon-emails-goes-to-spam,Fury,/users/1626398/fury,0,1,480
Debugging Laravel application and how it is running?,/questions/54299098/debugging-laravel-application-and-how-it-is-running,Vishaal Kalwani,/users/2471176/vishaal-kalwani,2,0,741
Input from Amazon connect to Lambda function contains phone number as +1 always; even if I am calling from Germany number,/questions/54298343/input-from-amazon-connect-to-lambda-function-contains-phone-number-as-1-always,Sanjay,/users/4635173/sanjay,0,1,121
How to get the value from an api call and store it in a variable and updated a dynamodb record,/questions/54298064/how-to-get-the-value-from-an-api-call-and-store-it-in-a-variable-and-updated-a-d,kilomo500,/users/9667978/kilomo500,0,1,395
Permission error launching Node.js container in AWS ElasticBeanstalk,/questions/54298035/permission-error-launching-node-js-container-in-aws-elasticbeanstalk,TheMean Won,/users/5812015/themean-won,0,1,213
How to integrate Palantir Foundry with Amazon S3 or HDFS,/questions/54297507/how-to-integrate-palantir-foundry-with-amazon-s3-or-hdfs,Saurabh Chakraborty,/users/10898828/saurabh-chakraborty,4,2,2k
How to import compressed .csv file from AWS-EFS to MariaDB Cluster,/questions/54297421/how-to-import-compressed-csv-file-from-aws-efs-to-mariadb-cluster,JohnDoe999,/users/6809558/johndoe999,0,1,162
"While running my python code it is giving me error ""ssl.SSLError: [SSL: CERTIFICATE_VERIFY_FAILED] certificate verify failed (_ssl.c:726)""",/questions/54297374/while-running-my-python-code-it-is-giving-me-error-ssl-sslerror-ssl-certific,h0lmes221B,/users/7240166/h0lmes221b,0,1,5k
How to support multi-lingual email in AWS Forgot Password scenario,/questions/54297360/how-to-support-multi-lingual-email-in-aws-forgot-password-scenario,Nir,/users/2715856/nir,3,1,364
Chromedriver couldn't open chrome browser on AWS EC2,/questions/54297224/chromedriver-couldnt-open-chrome-browser-on-aws-ec2,user2763281,/users/2763281/user2763281,0,1,2k
"Sending an eMail with Lambda, NodeJs and Nodemailer doesn't work",/questions/54296952/sending-an-email-with-lambda-nodejs-and-nodemailer-doesnt-work,Liz Zarate,/users/10945888/liz-zarate,3,2,8k
AMI not enabled for ENA,/questions/54296949/ami-not-enabled-for-ena,Rash,/users/1834562/rash,1,2,5k
Amazon web Services actual Storage procedure,/questions/54296798/amazon-web-services-actual-storage-procedure,raju vemula,/users/10900073/raju-vemula,0,1,30
How to grant access to android app users for AWS S3 Objects?,/questions/54296713/how-to-grant-access-to-android-app-users-for-aws-s3-objects,Huseyin Sahin,/users/10392737/huseyin-sahin,1,1,1k
Message Template placeholders on AWS Cognito,/questions/54296650/message-template-placeholders-on-aws-cognito,Alessandro Cappello,/users/2139797/alessandro-cappello,3,1,3k
Unable to download files from S3 after KMS encryption,/questions/54296318/unable-to-download-files-from-s3-after-kms-encryption,asur,/users/7224714/asur,2,2,4k
AmazonSQSClient not refreshing AWSCredentials when Credentials File is updated,/questions/54296016/amazonsqsclient-not-refreshing-awscredentials-when-credentials-file-is-updated,dungeym,/users/10946372/dungeym,0,2,967
How do I load PATH variables when starting node process with systemctl?,/questions/54295966/how-do-i-load-path-variables-when-starting-node-process-with-systemctl,kauffmanes,/users/3239219/kauffmanes,1,0,82
"""from a import b"" not working, but I can import a and then use a.b",/questions/54295902/from-a-import-b-not-working-but-i-can-import-a-and-then-use-a-b,Jericho,/users/7163811/jericho,1,1,208
Kubernetes pre-delete hook blocks helm delete if deployment fails,/questions/54295782/kubernetes-pre-delete-hook-blocks-helm-delete-if-deployment-fails,Clon15323,/users/5393434/clon15323,0,1,2k
Graphite: Carbon Aggregator dropping data?,/questions/54295727/graphite-carbon-aggregator-dropping-data,Alexander Phoenix,/users/5252105/alexander-phoenix,1,1,370
serialize map of maps to dyanmodb to json,/questions/54295580/serialize-map-of-maps-to-dyanmodb-to-json,tsingh,/users/3935670/tsingh,0,0,350
TensorFlow Serving send data as b64 instead of Numpy Array,/questions/54295445/tensorflow-serving-send-data-as-b64-instead-of-numpy-array,Austin,/users/2089899/austin,2,1,878
doctrine/dbal not installing on live server,/questions/54295402/doctrine-dbal-not-installing-on-live-server,Lokendra Parihar,/users/5881430/lokendra-parihar,1,0,73
accessing environment variable in gocd pipeline for aws EMR add step,/questions/54295281/accessing-environment-variable-in-gocd-pipeline-for-aws-emr-add-step,Girish Gupta,/users/1061664/girish-gupta,0,1,365
Django and Elasticbeanstalk: a column that has been deleted on local hasn't been deleted on RDS,/questions/54295234/django-and-elasticbeanstalk-a-column-that-has-been-deleted-on-local-hasnt-been,,,0,1,119
How does the hourly price in AWS works when building an API?,/questions/54295125/how-does-the-hourly-price-in-aws-works-when-building-an-api,Mojimi,/users/3529833/mojimi,1,1,47
How to restrict access to a lambda,/questions/54295034/how-to-restrict-access-to-a-lambda,George K,/users/9714877/george-k,1,2,3k
how to develop and test a python AWS-lambda on local machine which is dependent on an S3 bucket,/questions/54294795/how-to-develop-and-test-a-python-aws-lambda-on-local-machine-which-is-dependent,user3062260,/users/3062260/user3062260,4,0,2k
AWS Data Pipeline - RedshiftCopyActvity - Redshift to S3 - Set to pipe delimited,/questions/54294794/aws-data-pipeline-redshiftcopyactvity-redshift-to-s3-set-to-pipe-delimited,todd.pund,/users/1069832/todd-pund,0,0,436
Alexa skills - fulfilling another slot in slot filling process,/questions/54294788/alexa-skills-fulfilling-another-slot-in-slot-filling-process,DavidCG,/users/6237368/davidcg,0,1,431
Use S3 as a database by reading and writing in SQL,/questions/54294761/use-s3-as-a-database-by-reading-and-writing-in-sql,stackoverflowthebest,/users/4078740/stackoverflowthebest,1,2,1k
Do CloudFormation target name or resources?,/questions/54294615/do-cloudformation-target-name-or-resources,shrimpy,/users/10228808/shrimpy,0,1,40
Cloud9 C++ Breakpoints,/questions/54294352/cloud9-c-breakpoints,John Denver,/users/8216464/john-denver,1,1,392
How install python hunspell on aws-lambda,/questions/54294253/how-install-python-hunspell-on-aws-lambda,Sachdev mavrik,/users/10945924/sachdev-mavrik,2,0,186
Error handling for AWS SQS with Lambda triggers and reserved capacity,/questions/54293813/error-handling-for-aws-sqs-with-lambda-triggers-and-reserved-capacity,Fred Liporace,/users/1259982/fred-liporace,1,1,2k
Can't access ec2 instance via fsockopen in PHP pointed at my ec2 public IP and designated port,/questions/54293718/cant-access-ec2-instance-via-fsockopen-in-php-pointed-at-my-ec2-public-ip-and-d,Leamsi,/users/8603888/leamsi,0,1,223
